new-namespace,classname,path,old-namespace,test
"Import\Image",AddImageCommand,src/Image/AddImageCommand.php,"LizardsAndPumpkins\Image",tests/Unit/Suites/Image/AddImageCommandTest.php
"Import\Image",AddImageCommandHandler,src/Image/AddImageCommandHandler.php,"LizardsAndPumpkins\Image",tests/Unit/Suites/Image/AddImageCommandHandlerTest.php
ProductListing,AddProductListingCommand,src/Product/AddProductListingCommand.php,"LizardsAndPumpkins\Product",tests/Unit/Suites/Product/AddProductListingCommandTest.php
ProductListing,AddProductListingCommandHandler,src/Product/AddProductListingCommandHandler.php,"LizardsAndPumpkins\Product",tests/Unit/Suites/Product/AddProductListingCommandHandlerTest.php
RestApi,ApiRequestHandlerLocator,src/Api/ApiRequestHandlerLocator.php,"LizardsAndPumpkins\Api",tests/Unit/Suites/Api/ApiRequestHandlerLocatorTest.php
RestApi,ApiRouter,src/Api/ApiRouter.php,"LizardsAndPumpkins\Api",tests/Unit/Suites/Api/ApiRouterTest.php
"RestApi\Exception",ApiVersionMustBeIntException,src/Api/Exception/ApiVersionMustBeIntException.php,"LizardsAndPumpkins\Api\Exception",""
"Import\Product\Composite\Exception",AssociatedProductIsMissingRequiredAttributesException,src/Product/Composite/Exception/AssociatedProductIsMissingRequiredAttributesException.php,"LizardsAndPumpkins\Product\Composite\Exception"
"Import\Product\Composite",AssociatedProductList,src/Product/Composite/AssociatedProductList.php,"LizardsAndPumpkins\Product\Composite",tests/Unit/Suites/Product/Composite/AssociatedProductListTest.php
"Import\Product\Composite",AssociatedProductListBuilder,src/Projection/Catalog/Import/AssociatedProductListBuilder.php,"LizardsAndPumpkins\Projection\Catalog\Import",tests/Unit/Suites/Projection/Catalog/Import/AssociatedProductListBuilderTest.php
"Import\Product",AttributeCode,src/Product/AttributeCode.php,"LizardsAndPumpkins\Product",tests/Unit/Suites/Product/AttributeCodeTest.php
"ProductSearch\Import",AttributeValueCollectorLocator,src/Product/ProductSearch/AttributeValueCollectorLocator.php,"LizardsAndPumpkins\Product\ProductSearch",tests/Unit/Suites/Product/ProductSearch/AttributeValueCollectorLocatorTest.php
"Import\ContentBlock",Block,src/Renderer/Block.php,"LizardsAndPumpkins\Renderer",tests/Unit/Suites/Renderer/BlockTest.php
"Import\TemplateRendering\Exception",BlockDoesNotExistException,src/Renderer/Exception/BlockDoesNotExistException.php,"LizardsAndPumpkins\Renderer\Exception"
"Import\TemplateRendering\Exception",BlockIsNotAChildOfParentBlockException,src/Renderer/Exception/BlockIsNotAChildOfParentBlockException.php,"LizardsAndPumpkins\Renderer\Exception"
"Import\TemplateRendering\Exception",BlockRendererMustHaveOneRootBlockException,src/Renderer/Exception/BlockRendererMustHaveOneRootBlockException.php,"LizardsAndPumpkins\Renderer\Exception"
"Import\TemplateRendering",BlockStructure,src/Renderer/BlockStructure.php,"LizardsAndPumpkins\Renderer",tests/Unit/Suites/Renderer/BlockStructureTest.php
"Import\TemplateRendering\Exception",CanNotInstantiateBlockException,src/Renderer/Exception/CanNotInstantiateBlockException.php,"LizardsAndPumpkins\Renderer\Exception"
Import,CatalogImport,src/Projection/Catalog/Import/CatalogImport.php,"LizardsAndPumpkins\Projection\Catalog\Import",tests/Unit/Suites/Projection/Catalog/Import/CatalogImportTest.php
"Import\RestApi\Exception",CatalogImportApiDirectoryNotReadableException,src/Product/Exception/CatalogImportApiDirectoryNotReadableException.php,"LizardsAndPumpkins\Product\Exception"
"Import\RestApi",CatalogImportApiV1PutRequestHandler,src/Product/CatalogImportApiV1PutRequestHandler.php,"LizardsAndPumpkins\Product",tests/Unit/Suites/Product/CatalogImportApiV1PutRequestHandlerTest.php
"Import\Exception",CatalogImportFileDoesNotExistException,src/Projection/Catalog/Import/Exception/CatalogImportFileDoesNotExistException.php,"LizardsAndPumpkins\Projection\Catalog\Import\Exception"
"Import\RestApi\Exception",CatalogImportFileNameNotFoundInRequestBodyException,src/Product/Exception/CatalogImportFileNameNotFoundInRequestBodyException.php,"LizardsAndPumpkins\Product\Exception"
UNUSED,CatalogImportFileNotReadableException,src/Projection/Catalog/Import/Exception/CatalogImportFileNotReadableException.php,"LizardsAndPumpkins\Projection\Catalog\Import\Exception"
"Import\XmlParser\Exception",CatalogImportSourceFilePathIsNotAStringException,src/Projection/Catalog/Import/Exception/CatalogImportSourceFilePathIsNotAStringException.php,"LizardsAndPumpkins\Projection\Catalog\Import\Exception"
"Import\XmlParser\Exception",CatalogImportSourceXmlFileDoesNotExistException,src/Projection/Catalog/Import/Exception/CatalogImportSourceXmlFileDoesNotExistException.php,"LizardsAndPumpkins\Projection\Catalog\Import\Exception"
"Import\XmlParser\Exception",CatalogImportSourceXmlFileIsNotReadableException,src/Projection/Catalog/Import/Exception/CatalogImportSourceXmlFileIsNotReadableException.php,"LizardsAndPumpkins\Projection\Catalog\Import\Exception"
"Import\XmlParser\Exception",CatalogImportSourceXMLNotAStringException,src/Projection/Catalog/Import/Exception/CatalogImportSourceXMLNotAStringException.php,"LizardsAndPumpkins\Projection\Catalog\Import\Exception"
Import,CatalogListingImportCallbackFailureMessage,src/Projection/Catalog/Import/CatalogListingImportCallbackFailureMessage.php,"LizardsAndPumpkins\Projection\Catalog\Import",tests/Unit/Suites/Projection/Catalog/Import/CatalogListingImportCallbackFailureMessageTest.php
Import,CatalogWasImportedDomainEvent,src/Projection/Catalog/Import/CatalogWasImportedDomainEvent.php,"LizardsAndPumpkins\Projection\Catalog\Import",tests/Unit/Suites/Projection/Catalog/Import/CatalogWasImportedDomainEventTest.php
Import,CatalogWasImportedDomainEventHandler,src/Projection/Catalog/Import/CatalogWasImportedDomainEventHandler.php,"LizardsAndPumpkins\Projection\Catalog\Import",tests/Unit/Suites/Projection/Catalog/Import/CatalogWasImportedDomainEventHandlerTest.php
"Import\XmlParser",CatalogXmlParser,src/Projection/Catalog/Import/CatalogXmlParser.php,"LizardsAndPumpkins\Projection\Catalog\Import",tests/Unit/Suites/Projection/Catalog/Import/CatalogXmlParserTest.php
"Messaging\Command",CommandConsumer,src/CommandConsumer.php,LizardsAndPumpkins,tests/Unit/Suites/CommandConsumerTest.php
"Messaging\Command",CommandHandlerFailedMessage,src/CommandHandlerFailedMessage.php,LizardsAndPumpkins,tests/Unit/Suites/CommandHandlerFailedMessageTest.php
"Messaging\Command",CommandHandlerLocator,src/CommandHandlerLocator.php,LizardsAndPumpkins,tests/Unit/Suites/CommandHandlerLocatorTest.php
"Messaging\Command",CommandProcessedLogMessage,src/Projection/CommandProcessedLogMessage.php,"LizardsAndPumpkins\Projection",tests/Unit/Suites/Projection/CommandProcessedLogMessageTest.php
"Util\Factory",CommonFactory,src/CommonFactory.php,LizardsAndPumpkins,tests/Unit/Suites/CommonFactoryTest.php
"Logging\Writer",CompositeLogMessageWriter,src/Log/Writer/CompositeLogMessageWriter.php,"LizardsAndPumpkins\Log\Writer",tests/Unit/Suites/Log/Writer/CompositeLogMessageWriterTest.php
"DataPool\SearchEngine\SearchCriteria",CompositeSearchCriterion,src/DataPool/SearchEngine/SearchCriteria/CompositeSearchCriterion.php,"LizardsAndPumpkins\DataPool\SearchEngine\SearchCriteria",tests/Unit/Suites/DataPool/SearchEngine/SearchCriteria/CompositeSearchCriterionTest.php
"DataPool\KeyGenerator",CompositeSnippetKeyGeneratorLocatorStrategy,src/SnippetKeyGeneratorLocator/CompositeSnippetKeyGeneratorLocatorStrategy.php,"LizardsAndPumpkins\SnippetKeyGeneratorLocator",tests/Unit/Suites/SnippetKeyGeneratorLocator/CompositeSnippetKeyGeneratorLocatorStrategyTest.php
"Context\Website",ConfigurableHostToWebsiteMap,src/Website/ConfigurableHostToWebsiteMap.php,"LizardsAndPumpkins\Website",tests/Unit/Suites/Website/ConfigurableHostToWebsiteMapTest.php
"Import\Product\Composite",ConfigurableProduct,src/Product/Composite/ConfigurableProduct.php,"LizardsAndPumpkins\Product\Composite",tests/Unit/Suites/Product/Composite/ConfigurableProductTest.php
"Import\Product\Composite\Exception",ConfigurableProductAssociatedProductListInvariantViolationException,src/Product/Composite/Exception/ConfigurableProductAssociatedProductListInvariantViolationException.php,"LizardsAndPumpkins\Product\Composite\Exception"
"ProductSearch\Import",ConfigurableProductAttributeValueCollector,src/Product/ProductSearch/ConfigurableProductAttributeValueCollector.php,"LizardsAndPumpkins\Product\ProductSearch",tests/Unit/Suites/Product/ProductSearch/ConfigurableProductAttributeValueCollectorTest.php
"Import\Product",ConfigurableProductBuilder,src/Projection/Catalog/Import/ConfigurableProductBuilder.php,"LizardsAndPumpkins\Projection\Catalog\Import",tests/Unit/Suites/Projection/Catalog/Import/ConfigurableProductBuilderTest.php
"ProductDetail\Import",ConfigurableProductJsonSnippetRenderer,src/Product/ConfigurableProductJsonSnippetRenderer.php,"LizardsAndPumpkins\Product",tests/Unit/Suites/Product/ConfigurableProductJsonSnippetRendererTest.php
"Import\Product",ConfigurableProductXmlToAssociatedProductListBuilder,src/Projection/Catalog/Import/ConfigurableProductXmlToAssociatedProductListBuilder.php,"LizardsAndPumpkins\Projection\Catalog\Import",tests/Unit/Suites/Projection/Catalog/Import/ConfigurableProductXmlToAssociatedProductListBuilderTest.php
"Import\Product",ConfigurableProductXmlToProductBuilder,src/Projection/Catalog/Import/ConfigurableProductXmlToProductBuilder.php,"LizardsAndPumpkins\Projection\Catalog\Import",tests/Unit/Suites/Projection/Catalog/Import/ConfigurableProductXmlToProductBuilderTest.php
"Import\Product",ConfigurableProductXmlToVariationAttributeList,src/Projection/Catalog/Import/ConfigurableProductXmlToVariationAttributeList.php,"LizardsAndPumpkins\Projection\Catalog\Import",tests/Unit/Suites/Projection/Catalog/Import/ConfigurableProductXmlToVariationAttributeListTest.php
"Import\Product\Exception",ConflictingContextDataForProductAttributeListException,src/Product/Exception/ConflictingContextDataForProductAttributeListException.php,"LizardsAndPumpkins\Product\Exception"
"Import\ContentBlock\RestApi\Exception",ContentBlockBodyIsMissingInRequestBodyException,src/Content/Exception/ContentBlockBodyIsMissingInRequestBodyException.php,"LizardsAndPumpkins\Content\Exception"
"Import\ContentBlock\RestApi\Exception",ContentBlockContextIsMissingInRequestBodyException,src/Content/Exception/ContentBlockContextIsMissingInRequestBodyException.php,"LizardsAndPumpkins\Content\Exception"
"Import\ContentBlock",ContentBlockId,src/Content/ContentBlockId.php,"LizardsAndPumpkins\Content",tests/Unit/Suites/Content/ContentBlockIdTest.php
"Import\ContentBlock",ContentBlockProjector,src/Content/ContentBlockProjector.php,"LizardsAndPumpkins\Content",tests/Unit/Suites/Content/ContentBlockProjectorTest.php
"Import\ContentBlock\RestApi",ContentBlocksApiV1PutRequestHandler,src/Content/ContentBlocksApiV1PutRequestHandler.php,"LizardsAndPumpkins\Content",tests/Unit/Suites/Content/ContentBlocksApiV1PutRequestHandlerTest.php
"Import\ContentBlock",ContentBlockSnippetKeyGeneratorLocatorStrategy,src/SnippetKeyGeneratorLocator/ContentBlockSnippetKeyGeneratorLocatorStrategy.php,"LizardsAndPumpkins\SnippetKeyGeneratorLocator",tests/Unit/Suites/SnippetKeyGeneratorLocator/ContentBlockSnippetKeyGeneratorLocatorStrategyTest.php
"Import\ContentBlock",ContentBlockSnippetRenderer,src/Content/ContentBlockSnippetRenderer.php,"LizardsAndPumpkins\Content",tests/Unit/Suites/Content/ContentBlockSnippetRendererTest.php
"Import\ContentBlock",ContentBlockSource,src/Content/ContentBlockSource.php,"LizardsAndPumpkins\Content",tests/Unit/Suites/Content/ContentBlockSourceTest.php
"Import\ContentBlock",ContentBlockWasUpdatedDomainEvent,src/Content/ContentBlockWasUpdatedDomainEvent.php,"LizardsAndPumpkins\Content",tests/Unit/Suites/Content/ContentBlockWasUpdatedDomainEventTest.php
"Import\ContentBlock",ContentBlockWasUpdatedDomainEventHandler,src/Content/ContentBlockWasUpdatedDomainEventHandler.php,"LizardsAndPumpkins\Content",tests/Unit/Suites/Content/ContentBlockWasUpdatedDomainEventHandlerTest.php
"Context\Exception",ContextCodeNotFoundException,src/Context/Exception/ContextCodeNotFoundException.php,"LizardsAndPumpkins\Context\Exception"
"Context\Country",ContextCountry,src/Context/ContextBuilder/ContextCountry.php,"LizardsAndPumpkins\Context\ContextBuilder",tests/Unit/Suites/Context/ContextBuilder/ContextCountryTest.php
"DataPool\UrlKeyStore\Exception",ContextDataIsNotAStringException,src/DataPool/UrlKeyStore/Exception/ContextDataIsNotAStringException.php,"LizardsAndPumpkins\DataPool\UrlKeyStore\Exception"
"Context\Locale",ContextLocale,src/Context/ContextBuilder/ContextLocale.php,"LizardsAndPumpkins\Context\ContextBuilder",tests/Unit/Suites/Context/ContextBuilder/ContextLocaleTest.php
"Context\DataVersion",ContextVersion,src/Context/ContextBuilder/ContextVersion.php,"LizardsAndPumpkins\Context\ContextBuilder",tests/Unit/Suites/Context/ContextBuilder/ContextVersionTest.php
"Context\Website",ContextWebsite,src/Context/ContextBuilder/ContextWebsite.php,"LizardsAndPumpkins\Context\ContextBuilder",tests/Unit/Suites/Context/ContextBuilder/ContextWebsiteTest.php
"Http\Exception",CookieNotSetException,src/Http/Exception/CookieNotSetException.php,"LizardsAndPumpkins\Http\Exception"
"Context\Country",Country,src/Country/Country.php,"LizardsAndPumpkins\Country",tests/Unit/Suites/Country/CountryTest.php
Translation,CsvTranslator,src/Renderer/Translation/CsvTranslator.php,"LizardsAndPumpkins\Renderer\Translation",tests/Unit/Suites/Renderer/Translation/CsvTranslatorTest.php
"DataPool\SearchEngine\FacetFieldTransformation",CurrencyPriceRangeTransformation,src/ContentDelivery/Catalog/Search/FacetFieldTransformation/CurrencyPriceRangeTransformation.php,"LizardsAndPumpkins\ContentDelivery\Catalog\Search\FacetFieldTransformation",tests/Unit/Suites/ContentDelivery/Catalog/Search/FacetFieldTransformation/CurrencyPriceRangeTransformationTest.php
DataPool,DataPoolReader,src/DataPool/DataPoolReader.php,"LizardsAndPumpkins\DataPool",tests/Unit/Suites/DataPool/DataPoolReaderTest.php
DataPool,DataPoolWriter,src/DataPool/DataPoolWriter.php,"LizardsAndPumpkins\DataPool",tests/Unit/Suites/DataPool/DataPoolWriterTest.php
"Context\DataVersion",DataVersion,src/DataVersion.php,LizardsAndPumpkins,tests/Unit/Suites/DataVersionTest.php
"DataPool\UrlKeyStore\Exception",DataVersionIsNotAStringException,src/DataPool/UrlKeyStore/Exception/DataVersionIsNotAStringException.php,"LizardsAndPumpkins\DataPool\UrlKeyStore\Exception"
UNUSED,DataVersionMissingInContextDataSetException,src/Context/Exception/DataVersionMissingInContextDataSetException.php,"LizardsAndPumpkins\Context\Exception"
"DataPool\UrlKeyStore\Exception",DataVersionToWriteIsEmptyStringException,src/DataPool/UrlKeyStore/Exception/DataVersionToWriteIsEmptyStringException.php,"LizardsAndPumpkins\DataPool\UrlKeyStore\Exception"
Logging,DebugLogMessage,src/Log/DebugLogMessage.php,"LizardsAndPumpkins\Log",tests/Unit/Suites/Log/DebugLogMessageTest.php
"ProductSearch\Import",DefaultAttributeValueCollector,src/Product/ProductSearch/DefaultAttributeValueCollector.php,"LizardsAndPumpkins\Product\ProductSearch",tests/Unit/Suites/Product/ProductSearch/DefaultAttributeValueCollectorTest.php
"Http\ContentDelivery",DefaultHttpResponse,src/DefaultHttpResponse.php,LizardsAndPumpkins,tests/Unit/Suites/DefaultHttpResponseTest.php
,DefaultWebFront,src/DefaultWebFront.php,LizardsAndPumpkins,tests/Unit/Suites/DefaultWebFrontTest.php
UNUSED,Directory,src/Utils/Directory.php,"LizardsAndPumpkins\Utils",tests/Unit/Suites/Utils/DirectoryTest.php
"Util\Exception",DirectoryDoesNotExistException,src/Utils/Exception/DirectoryDoesNotExistException.php,"LizardsAndPumpkins\Utils\Exception"
"Util\Exception",DirectoryNotWritableException,src/Utils/Exception/DirectoryNotWritableException.php,"LizardsAndPumpkins\Utils\Exception"
"Messaging\Event",DomainEventConsumer,src/DomainEventConsumer.php,LizardsAndPumpkins,tests/Unit/Suites/DomainEventConsumerTest.php
"Messaging\Event\Exception",DomainEventHandlerFailedMessage,src/DomainEventHandlerFailedMessage.php,LizardsAndPumpkins,tests/Unit/Suites/DomainEventHandlerFailedMessageTest.php
"Messaging\Event",DomainEventHandlerLocator,src/DomainEventHandlerLocator.php,LizardsAndPumpkins,tests/Unit/Suites/DomainEventHandlerLocatorTest.php
"Messaging\Event",DomainEventProcessedLogMessage,src/Projection/DomainEventProcessedLogMessage.php,"LizardsAndPumpkins\Projection",tests/Unit/Suites/Projection/DomainEventProcessedLogMessageTest.php
"Import\Product\Composite\Exception",DuplicateAssociatedProductException,src/Product/Composite/Exception/DuplicateAssociatedProductException.php,"LizardsAndPumpkins\Product\Composite\Exception"
"Import\Product\Listing\Exception",DuplicateProductListingAttributeException,src/Product/Exception/DuplicateProductListingAttributeException.php,"LizardsAndPumpkins\Product\Exception"
"Context\DataVersion\Exception",EmptyVersionException,src/Exception/EmptyVersionException.php,"LizardsAndPumpkins\Exception"
"Http\ContentDelivery\ProductJsonService",EnrichProductJsonWithPrices,src/ContentDelivery/Catalog/ProductJsonService/EnrichProductJsonWithPrices.php,"LizardsAndPumpkins\ContentDelivery\Catalog\ProductJsonService",tests/Unit/Suites/ContentDelivery/Catalog/ProductJsonService/EnrichProductJsonWithPricesTest.php
"Util\Config\Exception",EnvironmentConfigKeyIsEmptyException,src/Exception/EnvironmentConfigKeyIsEmptyException.php,"LizardsAndPumpkins\Exception"
"Util\Config\Exception",EnvironmentConfigKeyIsNotAStringException,src/Exception/EnvironmentConfigKeyIsNotAStringException.php,"LizardsAndPumpkins\Exception"
"Util\Config",EnvironmentConfigReader,src/EnvironmentConfigReader.php,LizardsAndPumpkins,tests/Unit/Suites/EnvironmentConfigReaderTest.php
"DataPool\SearchEngine",FacetField,src/DataPool/SearchEngine/FacetField.php,"LizardsAndPumpkins\DataPool\SearchEngine",tests/Unit/Suites/DataPool/SearchEngine/FacetFieldTest.php
"DataPool\SearchEngine",FacetFieldCollection,src/DataPool/SearchEngine/FacetFieldCollection.php,"LizardsAndPumpkins\DataPool\SearchEngine",tests/Unit/Suites/DataPool/SearchEngine/FacetFieldCollectionTest.php
"DataPool\SearchEngine\FacetFieldTransformation",FacetFieldTransformationRegistry,src/ContentDelivery/Catalog/Search/FacetFieldTransformation/FacetFieldTransformationRegistry.php,"LizardsAndPumpkins\ContentDelivery\Catalog\Search\FacetFieldTransformation",tests/Unit/Suites/ContentDelivery/Catalog/Search/FacetFieldTransformation/FacetFieldTransformationRegistryTest.php
"DataPool\SearchEngine",FacetFieldValue,src/DataPool/SearchEngine/FacetFieldValue.php,"LizardsAndPumpkins\DataPool\SearchEngine",tests/Unit/Suites/DataPool/SearchEngine/FacetFieldValueTest.php
"DataPool\SearchEngine",FacetFilterRange,src/DataPool/SearchEngine/FacetFilterRange.php,"LizardsAndPumpkins\DataPool\SearchEngine",tests/Unit/Suites/DataPool/SearchEngine/FacetFilterRangeTest.php
"DataPool\SearchEngine",FacetFilterRequestRangedField,src/DataPool/SearchEngine/FacetFilterRequestRangedField.php,"LizardsAndPumpkins\DataPool\SearchEngine",tests/Unit/Suites/DataPool/SearchEngine/FacetFilterRequestRangedFieldTest.php
"DataPool\SearchEngine",FacetFilterRequestSimpleField,src/DataPool/SearchEngine/FacetFilterRequestSimpleField.php,"LizardsAndPumpkins\DataPool\SearchEngine",tests/Unit/Suites/DataPool/SearchEngine/FacetFilterRequestSimpleFieldTest.php
"DataPool\SearchEngine",FacetFiltersToIncludeInResult,src/DataPool/SearchEngine/FacetFiltersToIncludeInResult.php,"LizardsAndPumpkins\DataPool\SearchEngine",tests/Unit/Suites/DataPool/SearchEngine/FacetFiltersToIncludeInResultTest.php
"Messaging\Command",FailedToReadFromCommandQueueMessage,src/FailedToReadFromCommandQueueMessage.php,LizardsAndPumpkins,tests/Unit/Suites/FailedToReadFromCommandQueueMessageTest.php
"Messaging\Event",FailedToReadFromDomainEventQueueMessage,src/FailedToReadFromDomainEventQueueMessage.php,LizardsAndPumpkins,tests/Unit/Suites/FailedToReadFromDomainEventQueueMessageTest.php
UNUSED,FileAlreadyExistsWithinGivenPathException,src/Utils/Exception/FileAlreadyExistsWithinGivenPathException.php,"LizardsAndPumpkins\Utils\Exception"
"Import\FileStorage",FileContent,src/Utils/FileStorage/FileContent.php,"LizardsAndPumpkins\Utils\FileStorage",tests/Unit/Suites/Utils/FileStorage/FileContentTest.php
"Import\FileStorage\Exception",FileDoesNotExistException,src/Utils/FileStorage/Exception/FileDoesNotExistException.php,"LizardsAndPumpkins\Utils\FileStorage\Exception"
"Import\FileStorage",FileInStorage,src/Utils/FileStorage/FileInStorage.php,"LizardsAndPumpkins\Utils\FileStorage",tests/Unit/Suites/Utils/FileStorage/FileInStorageTest.php
"Logging\Writer",FileLogMessageWriter,src/Log/Writer/FileLogMessageWriter.php,"LizardsAndPumpkins\Log\Writer",tests/Unit/Suites/Log/Writer/FileLogMessageWriterTest.php
"Util\FileSystem\Exception",FileNotReadableException,src/Utils/Exception/FileNotReadableException.php,"LizardsAndPumpkins\Utils\Exception"
"Util\FileSystem\Exception",FileNotWritableException,src/Utils/Exception/FileNotWritableException.php,"LizardsAndPumpkins\Utils\Exception"
"DataPool\SearchEngine\Filesystem",FileSearchEngine,src/DataPool/SearchEngine/FileSearchEngine.php,"LizardsAndPumpkins\DataPool\SearchEngine",tests/Unit/Suites/DataPool/SearchEngine/FileSearchEngineTest.php
"Import\FileStorage\Exception",FileStorageTypeMismatchException,src/Utils/FileStorage/Exception/FileStorageTypeMismatchException.php,"LizardsAndPumpkins\Utils\FileStorage\Exception"
"Import\FileStorage",FilesystemFileStorage,src/Utils/FileStorage/FilesystemFileStorage.php,"LizardsAndPumpkins\Utils\FileStorage",tests/Unit/Suites/Utils/FileStorage/FilesystemFileStorageTest.php
"Import\FileStorage",FilesystemFileUri,src/Utils/FileStorage/FilesystemFileUri.php,"LizardsAndPumpkins\Utils\FileStorage",tests/Unit/Suites/Utils/FileStorage/FilesystemFileUriTest.php
"Import\ImageStorage",FilesystemImageStorage,src/Utils/ImageStorage/FilesystemImageStorage.php,"LizardsAndPumpkins\Utils\ImageStorage",tests/Unit/Suites/Utils/ImageStorage/FilesystemImageStorageTest.php
"DataPool\UrlKeyStore",FileUrlKeyStore,src/DataPool/UrlKeyStore/FileUrlKeyStore.php,"LizardsAndPumpkins\DataPool\UrlKeyStore",tests/Unit/Suites/DataPool/UrlKeyStore/FileUrlKeyStoreTest.php
"DataPool\SearchEngine",FilterNavigationPriceRangesBuilder,src/ContentDelivery/Catalog/FilterNavigationPriceRangesBuilder.php,"LizardsAndPumpkins\ContentDelivery\Catalog",tests/Unit/Suites/ContentDelivery/Catalog/FilterNavigationPriceRangesBuilderTest.php
"Http\ContentDelivery",FrontendFactory,src/FrontendFactory.php,LizardsAndPumpkins,tests/Unit/Suites/FrontendFactoryTest.php
"Import\ImageStorage\ImageProcessing\Gd",GdResizeStrategy,src/Image/GdResizeStrategy.php,"LizardsAndPumpkins\Image",tests/Unit/Suites/Image/GdResizeStrategyTest.php
"Http\Routing",GenericHttpRouter,src/Http/GenericHttpRouter.php,"LizardsAndPumpkins\Http",tests/Unit/Suites/Http/GenericHttpRouterTest.php
"DataPool\KeyGenerator",GenericSnippetKeyGenerator,src/GenericSnippetKeyGenerator.php,LizardsAndPumpkins,tests/Unit/Suites/GenericSnippetKeyGeneratorTest.php
"Http\Exception",HeaderNotPresentException,src/Http/Exception/HeaderNotPresentException.php,"LizardsAndPumpkins\Http\Exception"
"Context\BaseUrl",HttpBaseUrl,src/BaseUrl/HttpBaseUrl.php,"LizardsAndPumpkins\BaseUrl",tests/Unit/Suites/BaseUrl/HttpBaseUrlTest.php
Http,HttpGetRequest,src/Http/HttpGetRequest.php,"LizardsAndPumpkins\Http",tests/Unit/Suites/Http/HttpGetRequestTest.php
Http,HttpHeaders,src/Http/HttpHeaders.php,"LizardsAndPumpkins\Http",tests/Unit/Suites/Http/HttpHeadersTest.php
Http,HttpPostRequest,src/Http/HttpPostRequest.php,"LizardsAndPumpkins\Http",tests/Unit/Suites/Http/HttpPostRequestTest.php
Http,HttpPutRequest,src/Http/HttpPutRequest.php,"LizardsAndPumpkins\Http",tests/Unit/Suites/Http/HttpPutRequestTest.php
Http,HttpRequestBody,src/Http/HttpRequestBody.php,"LizardsAndPumpkins\Http",tests/Unit/Suites/Http/HttpRequestBodyTest.php
"Http\Routing\Exception",HttpResourceNotFoundResponse,src/Http/HttpResourceNotFoundResponse.php,"LizardsAndPumpkins\Http",tests/Unit/Suites/Http/HttpResourceNotFoundResponseTest.php
"Http\Routing",HttpRouterChain,src/Http/HttpRouterChain.php,"LizardsAndPumpkins\Http",tests/Unit/Suites/Http/HttpRouterChainTest.php
Http,HttpsUrl,src/Http/HttpsUrl.php,"LizardsAndPumpkins\Http",tests/Unit/Suites/Http/HttpsUrlTest.php
Http,HttpUrl,src/Http/HttpUrl.php,"LizardsAndPumpkins\Http",tests/Unit/Suites/Http/HttpUrlTest.php
"Import\Image",ImageFileDoesNotExistException,src/Image/Exception/ImageFileDoesNotExistException.php,"LizardsAndPumpkins\Image\Exception"
"Import\ImageStorage",ImageInStorage,src/Utils/ImageStorage/ImageInStorage.php,"LizardsAndPumpkins\Utils\ImageStorage",tests/Unit/Suites/Utils/ImageStorage/ImageInStorageTest.php
"Import\ImageStorage\ImageProcessing\ImageMagick",ImageMagickInscribeStrategy,src/Image/ImageMagickInscribeStrategy.php,"LizardsAndPumpkins\Image",tests/Unit/Suites/Image/ImageMagickInscribeStrategyTest.php
"Import\ImageStorage\ImageProcessing\ImageMagick",ImageMagickResizeStrategy,src/Image/ImageMagickResizeStrategy.php,"LizardsAndPumpkins\Image",tests/Unit/Suites/Image/ImageMagickResizeStrategyTest.php
"Import\ImageStorage\ImageProcessing",ImageProcessingStrategySequence,src/Image/ImageProcessingStrategySequence.php,"LizardsAndPumpkins\Image",tests/Unit/Suites/Image/ImageProcessingStrategySequenceTest.php
"Import\ImageStorage\ImageProcessing",ImageProcessor,src/Image/ImageProcessor.php,"LizardsAndPumpkins\Image",tests/Unit/Suites/Image/ImageProcessorTest.php
"Import\ImageStorage\ImageProcessing",ImageProcessorCollection,src/Image/ImageProcessorCollection.php,"LizardsAndPumpkins\Image",tests/Unit/Suites/Image/ImageProcessorCollectionTest.php
"Import\Image",ImageWasAddedDomainEvent,src/Image/ImageWasAddedDomainEvent.php,"LizardsAndPumpkins\Image",tests/Unit/Suites/Image/ImageWasAddedDomainEventTest.php
"Import\Image",ImageWasAddedDomainEventHandler,src/Image/ImageWasAddedDomainEventHandler.php,"LizardsAndPumpkins\Image",tests/Unit/Suites/Image/ImageWasAddedDomainEventHandlerTest.php
Logging,InMemoryLogger,src/Log/InMemoryLogger.php,"LizardsAndPumpkins\Log",tests/Unit/Suites/Log/InMemoryLoggerTest.php
"DataPool\SearchEngine\InMemory",InMemorySearchEngine,src/DataPool/SearchEngine/InMemorySearchEngine.php,"LizardsAndPumpkins\DataPool\SearchEngine",tests/Unit/Suites/DataPool/SearchEngine/InMemorySearchEngineTest.php
"DataPool\UrlKeyStore",InMemoryUrlKeyStore,src/DataPool/UrlKeyStore/InMemoryUrlKeyStore.php,"LizardsAndPumpkins\DataPool\UrlKeyStore",tests/Unit/Suites/DataPool/UrlKeyStore/InMemoryUrlKeyStoreTest.php
"Import\Product\View",IntegrationTestConfigurableProductView,src/Projection/Catalog/IntegrationTestConfigurableProductView.php,"LizardsAndPumpkins\Projection\Catalog"
"Import\Product\View",IntegrationTestProductView,src/Projection/Catalog/IntegrationTestProductView.php,"LizardsAndPumpkins\Projection\Catalog",tests/Unit/Suites/Projection/Catalog/IntegrationTestProductViewTest.php
"Import\Product\View",IntegrationTestProductViewLocator,src/Projection/Catalog/IntegrationTestProductViewLocator.php,"LizardsAndPumpkins\Projection\Catalog",tests/Unit/Suites/Projection/Catalog/IntegrationTestProductViewLocatorTest.php
"DataPool\UrlKeyStore",IntegrationTestUrlKeyStoreAbstract,src/DataPool/UrlKeyStore/IntegrationTestUrlKeyStoreAbstract.php,"LizardsAndPumpkins\DataPool\UrlKeyStore"
"Import\Product\Exception",InvalidAttributeCodeException,src/Product/Exception/InvalidAttributeCodeException.php,"LizardsAndPumpkins\Product\Exception"
"Context\BaseUrl\Exception",InvalidBaseUrlSourceDataException,src/BaseUrl/Exception/InvalidBaseUrlSourceDataException.php,"LizardsAndPumpkins\BaseUrl\Exception"
"Import\ImageStorage\ImageProcessing\Exception",InvalidBinaryImageDataException,src/Image/Exception/InvalidBinaryImageDataException.php,"LizardsAndPumpkins\Image\Exception"
"Import\ImageStorage\ImageProcessing\Exception",InvalidColorException,src/Image/Exception/InvalidColorException.php,"LizardsAndPumpkins\Image\Exception"
"Import\ContentBlock\RestApi\Exception",InvalidContentBlockContextException,src/Content/Exception/InvalidContentBlockContextException.php,"LizardsAndPumpkins\Content\Exception"
"Import\ContentBlock\Exception",InvalidContentBlockIdException,src/Content/Exception/InvalidContentBlockIdException.php,"LizardsAndPumpkins\Content\Exception"
"Import\ContentBlock\RestApi\Exception",InvalidContentBlockUrlKey,src/Content/Exception/InvalidContentBlockUrlKey.php,"LizardsAndPumpkins\Content\Exception"
UNUSED,InvalidContextDataStringException,src/DataPool/UrlKeyStore/Exception/InvalidContextDataStringException.php,"LizardsAndPumpkins\DataPool\UrlKeyStore\Exception"
"Context\Country\Exception",InvalidCountrySpecificationException,src/Country/Exception/InvalidCountrySpecificationException.php,"LizardsAndPumpkins\Country\Exception"
"DataPool\SearchEngine\SearchCriteria\Exception",InvalidCriterionConditionException,src/DataPool/SearchEngine/SearchCriteria/Exception/InvalidCriterionConditionException.php,"LizardsAndPumpkins\DataPool\SearchEngine\SearchCriteria\Exception"
"DataPool\SearchEngine\SearchCriteria\Exception",InvalidCriterionNameException,src/DataPool/SearchEngine/SearchCriteria/Exception/InvalidCriterionNameException.php,"LizardsAndPumpkins\DataPool\SearchEngine\SearchCriteria\Exception"
"Import\Product\Listing\Exception",InvalidCriterionOperationXmlAttributeException,src/Product/Exception/InvalidCriterionOperationXmlAttributeException.php,"LizardsAndPumpkins\Product\Exception"
"DataPool\SearchEngine\SearchCriteria\Exception",InvalidCriterionValueTypeException,src/DataPool/SearchEngine/SearchCriteria/Exception/InvalidCriterionValueTypeException.php,"LizardsAndPumpkins\DataPool\SearchEngine\SearchCriteria\Exception"
UNUSED,InvalidDirectoryPathException,src/Utils/Exception/InvalidDirectoryPathException.php,"LizardsAndPumpkins\Utils\Exception"
"DataPool\SearchEngine\Exception",InvalidFacetFieldValueCountException,src/DataPool/SearchEngine/Exception/InvalidFacetFieldValueCountException.php,"LizardsAndPumpkins\DataPool\SearchEngine\Exception"
"DataPool\SearchEngine\Exception",InvalidFacetFieldValueException,src/DataPool/SearchEngine/Exception/InvalidFacetFieldValueException.php,"LizardsAndPumpkins\DataPool\SearchEngine\Exception"
"DataPool\SearchEngine\Exception",InvalidFacetFilterRangeBoundariesException,src/DataPool/SearchEngine/Exception/InvalidFacetFilterRangeBoundariesException.php,"LizardsAndPumpkins\DataPool\SearchEngine\Exception"
UNUSED,InvalidFieldListSpecificationException,src/DataPool/SearchEngine/SearchDocument/Exception/InvalidFieldListSpecificationException.php,"LizardsAndPumpkins\DataPool\SearchEngine\SearchDocument\Exception"
"Import\FileStorage\Exception",InvalidFileContentTypeException,src/Utils/FileStorage/Exception/InvalidFileContentTypeException.php,"LizardsAndPumpkins\Utils\FileStorage\Exception"
"Import\FileStorage\Exception",InvalidFileIdentifierException,src/Utils/FileStorage/Exception/InvalidFileIdentifierException.php,"LizardsAndPumpkins\Utils\FileStorage\Exception"
"Import\FileStorage\Exception",InvalidFileURIException,src/Utils/FileStorage/Exception/InvalidFileURIException.php,"LizardsAndPumpkins\Utils\FileStorage\Exception"
"Http\Exception",InvalidHttpHeadersException,src/Http/Exception/InvalidHttpHeadersException.php,"LizardsAndPumpkins\Http\Exception"
"Http\Exception",InvalidHttpRequestBodyException,src/Http/Exception/InvalidHttpRequestBodyException.php,"LizardsAndPumpkins\Http\Exception"
"Import\ImageStorage\ImageProcessing\Exception",InvalidImageDimensionException,src/Image/Exception/InvalidImageDimensionException.php,"LizardsAndPumpkins\Image\Exception"
"Import\ImageStorage\Exception",InvalidImageFileNameException,src/Product/ProductImage/Exception/InvalidImageFileNameException.php,"LizardsAndPumpkins\Product\ProductImage\Exception"
"Import\ImageStorage\Exception",InvalidImageVariantCodeException,src/Product/ProductImage/Exception/InvalidImageVariantCodeException.php,"LizardsAndPumpkins\Product\ProductImage\Exception"
"DataPool\KeyValueStore\Exception",InvalidKeyException,src/Exception/InvalidKeyException.php,"LizardsAndPumpkins\Exception"
"DataPool\KeyValueStore\Exception",InvalidKeyValueStoreKeyException,src/DataPool/Exception/InvalidKeyValueStoreKeyException.php,"LizardsAndPumpkins\DataPool\Exception"
"Import\ImageStorage\Exception",InvalidMediaBaseUrlPathException,src/Utils/ImageStorage/Exception/InvalidMediaBaseUrlPathException.php,"LizardsAndPumpkins\Utils\ImageStorage\Exception"
"Import\Product\Listing\Exception",InvalidNumberOfCriteriaXmlNodesException,src/Product/Exception/InvalidNumberOfCriteriaXmlNodesException.php,"LizardsAndPumpkins\Product\Exception"
"Import\Price\Exception",InvalidNumberOfDecimalPointsForPriceException,src/Product/Exception/InvalidNumberOfDecimalPointsForPriceException.php,"LizardsAndPumpkins\Product\Exception"
"ProductListing\Exception",InvalidNumberOfProductsPerPageException,src/ContentDelivery/Catalog/Exception/InvalidNumberOfProductsPerPageException.php,"LizardsAndPumpkins\ContentDelivery\Catalog\Exception"
"Import\Product\Exception",InvalidNumberOfSkusForImportedProductException,src/Projection/Catalog/Import/Exception/InvalidNumberOfSkusForImportedProductException.php,"LizardsAndPumpkins\Projection\Catalog\Import\Exception"
"Import\Product\Exception",InvalidProductAttributeValueException,src/Product/Exception/InvalidProductAttributeValueException.php,"LizardsAndPumpkins\Product\Exception"
"Import\Product\Exception",InvalidProductIdException,src/Product/Exception/InvalidProductIdException.php,"LizardsAndPumpkins\Product\Exception"
"Import\Product\Image",InvalidProductImageAttributeListException,src/Projection/Catalog/Import/Exception/InvalidProductImageAttributeListException.php,"LizardsAndPumpkins\Projection\Catalog\Import\Exception"
"Import\Product\Listing\Exception",InvalidProductListingAttributeCodeException,src/Product/Exception/InvalidProductListingAttributeCodeException.php,"LizardsAndPumpkins\Product\Exception"
"Import\Product\Listing\Exception",InvalidProductListingAttributeValueException,src/Product/Exception/InvalidProductListingAttributeValueException.php,"LizardsAndPumpkins\Product\Exception"
"ProductRecommendations\Exception",InvalidProductRelationTypeCodeException,src/ContentDelivery/Catalog/ProductRelations/Exception/InvalidProductRelationTypeCodeException.php,"LizardsAndPumpkins\ContentDelivery\Catalog\ProductRelations\Exception"
"ProductRecommendations\Exception",InvalidProductRelationTypeException,src/ContentDelivery/Catalog/ProductRelations/Exception/InvalidProductRelationTypeException.php,"LizardsAndPumpkins\ContentDelivery\Catalog\ProductRelations\Exception"
UNUSED,InvalidProductStockQuantitySourceDataException,src/Product/Exception/InvalidProductStockQuantitySourceDataException.php,"LizardsAndPumpkins\Product\Exception"
"Import\Product\Exception",InvalidProductTypeCodeException,src/Product/Exception/InvalidProductTypeCodeException.php,"LizardsAndPumpkins\Product\Exception"
"Import\Product\Exception",InvalidProductTypeCodeForImportedProductException,src/Projection/Catalog/Import/Exception/InvalidProductTypeCodeForImportedProductException.php,"LizardsAndPumpkins\Projection\Catalog\Import\Exception"
"Import\Exception",InvalidProjectionSourceDataTypeException,src/Exception/InvalidProjectionSourceDataTypeException.php,"LizardsAndPumpkins\Exception"
"Http\ContentDelivery\Exception",InvalidResponseBodyException,src/Http/Exception/InvalidResponseBodyException.php,"LizardsAndPumpkins\Http\Exception"
"DataPool\SearchEngine\Exception",InvalidRowsPerPageException,src/DataPool/SearchEngine/Exception/InvalidRowsPerPageException.php,"LizardsAndPumpkins\DataPool\SearchEngine\Exception"
UNUSED,InvalidSearchDocumentContentException,src/DataPool/SearchEngine/SearchDocument/Exception/InvalidSearchDocumentContentException.php,"LizardsAndPumpkins\DataPool\SearchEngine\SearchDocument\Exception"
"DataPool\SearchEngine\Exception",InvalidSearchDocumentFieldKeyException,src/DataPool/SearchEngine/SearchDocument/Exception/InvalidSearchDocumentFieldKeyException.php,"LizardsAndPumpkins\DataPool\SearchEngine\SearchDocument\Exception"
"DataPool\SearchEngine\Exception",InvalidSearchDocumentFieldValueException,src/DataPool/SearchEngine/SearchDocument/Exception/InvalidSearchDocumentFieldValueException.php,"LizardsAndPumpkins\DataPool\SearchEngine\SearchDocument\Exception"
UNUSED,InvalidSearchDocumentStateRepresentationException,src/DataPool/SearchEngine/SearchDocument/Exception/InvalidSearchDocumentStateRepresentationException.php,"LizardsAndPumpkins\DataPool\SearchEngine\SearchDocument\Exception"
"ProductSearch\Exception",InvalidSearchFieldToQueryParameterMapException,src/ContentDelivery/Catalog/Search/Exception/InvalidSearchFieldToQueryParameterMapException.php,"LizardsAndPumpkins\ContentDelivery\Catalog\Search\Exception"
"ProductListing\Exception",InvalidSelectedNumberOfProductsPerPageException,src/ContentDelivery/Catalog/Exception/InvalidSelectedNumberOfProductsPerPageException.php,"LizardsAndPumpkins\ContentDelivery\Catalog\Exception"
"DataPool\KeyGenerator\Exception",InvalidSnippetCodeException,src/Exception/InvalidSnippetCodeException.php,"LizardsAndPumpkins\Exception"
"Import\Exception",InvalidSnippetContainerCodeException,src/Exception/InvalidSnippetContainerCodeException.php,"LizardsAndPumpkins\Exception"
"Import\Exception",InvalidSnippetContentException,src/ContentDelivery/PageBuilder/Exception/InvalidSnippetContentException.php,"LizardsAndPumpkins\ContentDelivery\PageBuilder\Exception"
"ProductSearch\Exception",InvalidSortOrderDirectionException,src/ContentDelivery/Catalog/Exception/InvalidSortOrderDirectionException.php,"LizardsAndPumpkins\ContentDelivery\Catalog\Exception"
UNUSED,InvalidStockQuantitySourceException,src/Product/Exception/InvalidStockQuantitySourceException.php,"LizardsAndPumpkins\Product\Exception"
"Import\Tax\Exception",InvalidTaxClassNameException,src/Product/Tax/Exception/InvalidTaxClassNameException.php,"LizardsAndPumpkins\Product\Tax\Exception"
"Import\Tax\Exception",InvalidTaxRateException,src/Product/Tax/TaxRates/Exception/InvalidTaxRateException.php,"LizardsAndPumpkins\Product\Tax\TaxRates\Exception"
"Import\TemplateRendering\Exception",InvalidTemplateProjectorCodeException,src/Exception/InvalidTemplateProjectorCodeException.php,"LizardsAndPumpkins\Exception"
"DataPool\SearchEngine\FacetFieldTransformation\Exception",InvalidTransformationCodeException,src/ContentDelivery/Catalog/Search/FacetFieldTransformation/Exception/InvalidTransformationCodeException.php,"LizardsAndPumpkins\ContentDelivery\Catalog\Search\FacetFieldTransformation\Exception"
"DataPool\SearchEngine\FacetFieldTransformation\Exception",InvalidTransformationInputException,src/ContentDelivery/Catalog/Search/FacetFieldTransformation/Exception/InvalidTransformationInputException.php,"LizardsAndPumpkins\ContentDelivery\Catalog\Search\FacetFieldTransformation\Exception"
"DataPool\UrlKeyStore\Exception",InvalidUrlKeySourceException,src/Exception/InvalidUrlKeySourceException.php,"LizardsAndPumpkins\Exception"
"Context\DataVersion\Exception",InvalidVersionException,src/Exception/InvalidVersionException.php,"LizardsAndPumpkins\Exception"
"Context\Website\Exception",InvalidWebsiteCodeException,src/Website/Exception/InvalidWebsiteCodeException.php,"LizardsAndPumpkins\Website\Exception"
"Context\Website\Exception",InvalidWebsiteMapConfigRecordException,src/Website/Exception/InvalidWebsiteMapConfigRecordException.php,"LizardsAndPumpkins\Website\Exception"
"DataPool\KeyValueStore\Exception",KeyNotFoundException,src/DataPool/KeyValue/Exception/KeyNotFoundException.php,"LizardsAndPumpkins\DataPool\KeyValue\Exception"
"DataPool\KeyValueStore\Exception",KeyValueStoreNotAvailableException,src/DataPool/KeyValue/Exception/KeyValueStoreNotAvailableException.php,"LizardsAndPumpkins\DataPool\KeyValue\Exception"
"Import\TemplateRendering",Layout,src/Renderer/Layout.php,"LizardsAndPumpkins\Renderer",tests/Unit/Suites/Renderer/LayoutTest.php
"Import\TemplateRendering\Exception",LayoutFileNotReadableException,src/Renderer/Exception/LayoutFileNotReadableException.php,"LizardsAndPumpkins\Renderer\Exception"
"Import\TemplateRendering",LayoutReader,src/Renderer/LayoutReader.php,"LizardsAndPumpkins\Renderer",tests/Unit/Suites/Renderer/LayoutReaderTest.php
UNUSED,LocaleAwareEuroPriceSnippetTransformation,src/ContentDelivery/SnippetTransformation/LocaleAwareEuroPriceSnippetTransformation.php,"LizardsAndPumpkins\ContentDelivery\SnippetTransformation",tests/Unit/Suites/ContentDelivery/SnippetTransformation/LocaleAwareEuroPriceSnippetTransformationTest.php
"Translation\Exception",LocaleDirectoryNotReadableException,src/Renderer/Translation/Exception/LocaleDirectoryNotReadableException.php,"LizardsAndPumpkins\Renderer\Translation\Exception"
UNUSED,LocaleNotSupportedException,src/Renderer/Translation/Exception/LocaleNotSupportedException.php,"LizardsAndPumpkins\Renderer\Translation\Exception"
"Util\FileSystem",LocalFilesystem,src/Utils/LocalFilesystem.php,"LizardsAndPumpkins\Utils",tests/Unit/Suites/Utils/LocalFilesystemTest.php
"Util\FileSystem",LocalFilesystemStorageReader,src/LocalFilesystemStorageReader.php,LizardsAndPumpkins,tests/Unit/Suites/LocalFilesystemStorageReaderTest.php
"Util\FileSystem",LocalFilesystemStorageWriter,src/LocalFilesystemStorageWriter.php,LizardsAndPumpkins,tests/Unit/Suites/LocalFilesystemStorageWriterTest.php
Logging,LoggingCommandHandlerFactory,src/Projection/LoggingCommandHandlerFactory.php,"LizardsAndPumpkins\Projection",tests/Unit/Suites/Projection/LoggingCommandHandlerFactoryTest.php
Logging,LoggingDomainEventHandlerFactory,src/Projection/LoggingDomainEventHandlerFactory.php,"LizardsAndPumpkins\Projection",tests/Unit/Suites/Projection/LoggingDomainEventHandlerFactoryTest.php
Logging,LoggingQueueDecorator,src/Queue/LoggingQueueDecorator.php,"LizardsAndPumpkins\Queue",tests/Unit/Suites/Queue/LoggingQueueDecoratorTest.php
Logging,LoggingQueueFactory,src/LoggingQueueFactory.php,LizardsAndPumpkins,tests/Unit/Suites/LoggingQueueFactoryTest.php
UNUSED,MalformedProductListingSourceJsonException,src/Product/Exception/MalformedProductListingSourceJsonException.php,"LizardsAndPumpkins\Product\Exception"
"ProductListing\Import",MalformedSearchCriteriaMetaException,src/Product/Exception/MalformedSearchCriteriaMetaException.php,"LizardsAndPumpkins\Product\Exception"
"Translation\Exception",MalformedTranslationFileException,src/Renderer/Translation/Exception/MalformedTranslationFileException.php,"LizardsAndPumpkins\Renderer\Translation\Exception"
"Import\ImageStorage",MediaDirectoryBaseUrlBuilder,src/Utils/ImageStorage/MediaDirectoryBaseUrlBuilder.php,"LizardsAndPumpkins\Utils\ImageStorage",tests/Unit/Suites/Utils/ImageStorage/MediaDirectoryBaseUrlBuilderTest.php
"Import\TemplateRendering\Exception",MethodNotYetAvailableException,src/Renderer/Exception/MethodNotYetAvailableException.php,"LizardsAndPumpkins\Renderer\Exception"
"Import\Product\Listing\Exception",MissingCriterionAttributeNameXmlAttributeException,src/Product/Exception/MissingCriterionAttributeNameXmlAttributeException.php,"LizardsAndPumpkins\Product\Exception"
"Import\Product\Listing\Exception",MissingCriterionOperationXmlAttributeException,src/Product/Exception/MissingCriterionOperationXmlAttributeException.php,"LizardsAndPumpkins\Product\Exception"
UNUSED,MissingProductIdException,src/Product/Exception/MissingProductIdException.php,"LizardsAndPumpkins\Product\Exception"
"Import\Product\Listing\Exception",MissingProductListingAttributeNameXmlAttributeException,src/Product/Exception/MissingProductListingAttributeNameXmlAttributeException.php,"LizardsAndPumpkins\Product\Exception"
"DataPool\KeyGenerator\Exception",MissingSnippetKeyGenerationDataException,src/Exception/MissingSnippetKeyGenerationDataException.php,"LizardsAndPumpkins\Exception"
"Import\Product\Listing\Exception",MissingTypeXmlAttributeException,src/Product/Exception/MissingTypeXmlAttributeException.php,"LizardsAndPumpkins\Product\Exception"
"Import\Product\Listing\Exception",MissingUrlKeyXmlAttributeException,src/Product/Exception/MissingUrlKeyXmlAttributeException.php,"LizardsAndPumpkins\Product\Exception"
"Context\Website\Exception",NoConfiguredBaseUrlException,src/BaseUrl/Exception/NoConfiguredBaseUrlException.php,"LizardsAndPumpkins\BaseUrl\Exception"
"DataPool\SearchEngine\Exception",NoFacetFieldTransformationRegisteredException,src/DataPool/SearchEngine/Exception/NoFacetFieldTransformationRegisteredException.php,"LizardsAndPumpkins\DataPool\SearchEngine\Exception"
"Util\Factory\Exception",NoMasterFactorySetException,src/Exception/NoMasterFactorySetException.php,"LizardsAndPumpkins\Exception"
"Import\Product\Exception",NoMatchingProductTypeBuilderFactoryFoundException,src/Projection/Catalog/Import/Exception/NoMatchingProductTypeBuilderFactoryFoundException.php,"LizardsAndPumpkins\Projection\Catalog\Import\Exception"
"Http\ContentDelivery\Exception",NonExistingSnippetException,src/ContentDelivery/PageBuilder/Exception/NonExistingSnippetException.php,"LizardsAndPumpkins\ContentDelivery\PageBuilder\Exception"
"ProductListing\Exception",NoSelectedSortOrderException,src/ContentDelivery/Catalog/Exception/NoSelectedSortOrderException.php,"LizardsAndPumpkins\ContentDelivery\Catalog\Exception"
"Util\FileSystem\Exception",NotADirectoryException,src/Utils/Exception/NotADirectoryException.php,"LizardsAndPumpkins\Utils\Exception"
"Messaging\Queue\Exception",NotSerializableException,src/Queue/Exception/NotSerializableException.php,"LizardsAndPumpkins\Queue\Exception"
"Http\ContentDelivery\ProductJsonService\Exception",NoValidLocaleInContextException,src/ContentDelivery/SnippetTransformation/Exception/NoValidLocaleInContextException.php,"LizardsAndPumpkins\ContentDelivery\SnippetTransformation\Exception"
RestApi,NullApiRequestHandler,src/Api/NullApiRequestHandler.php,"LizardsAndPumpkins\Api",tests/Unit/Suites/Api/NullApiRequestHandlerTest.php
Logging,NullLogMessageWriter,src/Log/Writer/NullLogMessageWriter.php,"LizardsAndPumpkins\Log\Writer",tests/Unit/Suites/Log/Writer/NullLogMessageWriterTest.php
"Import\Image",NullProductImageImportCommandFactory,src/Projection/Catalog/Import/ImportCommand/NullProductImageImportCommandFactory.php,"LizardsAndPumpkins\Projection\Catalog\Import\ImportCommand",tests/Unit/Suites/Projection/Catalog/Import/ImportCommand/NullProductImageImportCommandFactoryTest.php
"Http\ContentDelivery\PageBuilder",PageBuilder,src/ContentDelivery/PageBuilder.php,"LizardsAndPumpkins\ContentDelivery",tests/Unit/Suites/ContentDelivery/PageBuilderTest.php
"Http\ContentDelivery\PageBuilder",PageBuilderSnippets,src/ContentDelivery/PageBuilder/PageBuilderSnippets.php,"LizardsAndPumpkins\ContentDelivery\PageBuilder",tests/Unit/Suites/ContentDelivery/PageBuilder/PageBuilderSnippetsTest.php
"Http\ContentDelivery\PageBuilder\Exception",PageContentBuildAlreadyTriggeredException,src/ContentDelivery/PageBuilder/Exception/PageContentBuildAlreadyTriggeredException.php,"LizardsAndPumpkins\ContentDelivery\PageBuilder\Exception"
"Import\Price",Price,src/Product/Price.php,"LizardsAndPumpkins\Product",tests/Unit/Suites/Product/PriceTest.php
UNUSED,PricesJsonSnippetTransformation,src/ContentDelivery/SnippetTransformation/PricesJsonSnippetTransformation.php,"LizardsAndPumpkins\ContentDelivery\SnippetTransformation",tests/Unit/Suites/ContentDelivery/SnippetTransformation/PricesJsonSnippetTransformationTest.php
"Import\Price",PriceSnippetRenderer,src/Product/PriceSnippetRenderer.php,"LizardsAndPumpkins\Product",tests/Unit/Suites/Product/PriceSnippetRendererTest.php
Logging,ProcessTimeLoggingCommandHandlerDecorator,src/Projection/ProcessTimeLoggingCommandHandlerDecorator.php,"LizardsAndPumpkins\Projection",tests/Unit/Suites/Projection/ProcessTimeLoggingCommandHandlerDecoratorTest.php
Logging,ProcessTimeLoggingDomainEventHandlerDecorator,src/Projection/ProcessTimeLoggingDomainEventHandlerDecorator.php,"LizardsAndPumpkins\Projection",tests/Unit/Suites/Projection/ProcessTimeLoggingDomainEventHandlerDecoratorTest.php
"Import\Product",ProductAttribute,src/Product/ProductAttribute.php,"LizardsAndPumpkins\Product",tests/Unit/Suites/Product/ProductAttributeTest.php
"Import\Product\Exception",ProductAttributeContextPartsMismatchException,src/Projection/Catalog/Import/Exception/ProductAttributeContextPartsMismatchException.php,"LizardsAndPumpkins\Projection\Catalog\Import\Exception"
"Import\Product\Exception",ProductAttributeDoesNotContainContextPartException,src/Product/Exception/ProductAttributeDoesNotContainContextPartException.php,"LizardsAndPumpkins\Product\Exception"
"Import\Product",ProductAttributeList,src/Product/ProductAttributeList.php,"LizardsAndPumpkins\Product",tests/Unit/Suites/Product/ProductAttributeListTest.php
"Import\Product",ProductAttributeListBuilder,src/Projection/Catalog/Import/ProductAttributeListBuilder.php,"LizardsAndPumpkins\Projection\Catalog\Import",tests/Unit/Suites/Projection/Catalog/Import/ProductAttributeListBuilderTest.php
"Import\Product\Exception",ProductAttributeNotFoundException,src/Product/Exception/ProductAttributeNotFoundException.php,"LizardsAndPumpkins\Product\Exception"
"Import\Product\Exception",ProductAttributeValueCombinationNotUniqueException,src/Product/Composite/Exception/ProductAttributeValueCombinationNotUniqueException.php,"LizardsAndPumpkins\Product\Composite\Exception"
"Import\TemplateRendering\Block",ProductBlock,src/Product/Block/ProductBlock.php,"LizardsAndPumpkins\Product\Block",tests/Unit/Suites/Product/Block/ProductBlockTest.php
ProductDetail,ProductCanonicalTagSnippetRenderer,src/Product/ProductCanonicalTagSnippetRenderer.php,"LizardsAndPumpkins\Product",tests/Unit/Suites/Product/ProductCanonicalTagSnippetRendererTest.php
ProductDetail,ProductDetailPageMetaInfoSnippetContent,src/Product/ProductDetailPageMetaInfoSnippetContent.php,"LizardsAndPumpkins\Product",tests/Unit/Suites/Product/ProductDetailPageMetaInfoSnippetContentTest.php
ProductDetail,ProductDetailPageRobotsMetaTagSnippetRenderer,src/Product/ProductDetailPageRobotsMetaTagSnippetRenderer.php,"LizardsAndPumpkins\Product",tests/Unit/Suites/Product/ProductDetailPageRobotsMetaTagSnippetRendererTest.php
"ProductDetail\TemplateRendering",ProductDetailViewBlockRenderer,src/Product/ProductDetailViewBlockRenderer.php,"LizardsAndPumpkins\Product",tests/Unit/Suites/Product/ProductDetailViewBlockRendererTest.php
ProductDetail,ProductDetailViewRequestHandler,src/ContentDelivery/Catalog/ProductDetailViewRequestHandler.php,"LizardsAndPumpkins\ContentDelivery\Catalog",tests/Unit/Suites/ContentDelivery/Catalog/ProductDetailViewRequestHandlerTest.php
ProductDetail,ProductDetailViewSnippetRenderer,src/Product/ProductDetailViewSnippetRenderer.php,"LizardsAndPumpkins\Product",tests/Unit/Suites/Product/ProductDetailViewSnippetRendererTest.php
"Import\Product",ProductId,src/Product/ProductId.php,"LizardsAndPumpkins\Product",tests/Unit/Suites/Product/ProductIdTest.php
"Import\Product\Image",ProductImage,src/Product/ProductImage/ProductImage.php,"LizardsAndPumpkins\Product\ProductImage",tests/Unit/Suites/Product/ProductImage/ProductImageTest.php
"Import\Product\Image",ProductImageBuilder,src/Projection/Catalog/Import/ProductImageBuilder.php,"LizardsAndPumpkins\Projection\Catalog\Import",tests/Unit/Suites/Projection/Catalog/Import/ProductImageBuilderTest.php
"Import\Product\Image",ProductImageImportCallbackFailureMessage,src/Projection/Catalog/Import/ProductImageImportCallbackFailureMessage.php,"LizardsAndPumpkins\Projection\Catalog\Import",tests/Unit/Suites/Projection/Catalog/Import/ProductImageImportCallbackFailureMessageTest.php
"Import\Product\Image",ProductImageImportCommandLocator,src/Projection/Catalog/Import/ImportCommand/ProductImageImportCommandLocator.php,"LizardsAndPumpkins\Projection\Catalog\Import\ImportCommand",tests/Unit/Suites/Projection/Catalog/Import/ImportCommand/ProductImageImportCommandLocatorTest.php
"Import\Product\Image",ProductImageList,src/Product/ProductImage/ProductImageList.php,"LizardsAndPumpkins\Product\ProductImage",tests/Unit/Suites/Product/ProductImage/ProductImageListTest.php
"Import\Product\Image",ProductImageListBuilder,src/Projection/Catalog/Import/ProductImageListBuilder.php,"LizardsAndPumpkins\Projection\Catalog\Import",tests/Unit/Suites/Projection/Catalog/Import/ProductImageListBuilderTest.php
"Import\Product\Image\Exception",ProductImageListNotMutableException,src/Product/ProductImage/Exception/ProductImageListNotMutableException.php,"LizardsAndPumpkins\Product\ProductImage\Exception"
"Import\Product",ProductImportCallbackFailureMessage,src/Projection/Catalog/Import/ProductImportCallbackFailureMessage.php,"LizardsAndPumpkins\Projection\Catalog\Import",tests/Unit/Suites/Projection/Catalog/Import/ProductImportCallbackFailureMessageTest.php
"Import\Product",ProductImportCommandLocator,src/Projection/Catalog/Import/ImportCommand/ProductImportCommandLocator.php,"LizardsAndPumpkins\Projection\Catalog\Import\ImportCommand",tests/Unit/Suites/Projection/Catalog/Import/ImportCommand/ProductImportCommandLocatorTest.php
ProductListing,ProductInListingSnippetRenderer,src/Product/ProductInListingSnippetRenderer.php,"LizardsAndPumpkins\Product",tests/Unit/Suites/Product/ProductInListingSnippetRendererTest.php
"ProductSearch\TemplateRendering",ProductInSearchAutosuggestionBlockRenderer,src/Product/ProductInSearchAutosuggestionBlockRenderer.php,"LizardsAndPumpkins\Product",tests/Unit/Suites/Product/ProductInSearchAutosuggestionBlockRendererTest.php
ProductSearch,ProductInSearchAutosuggestionSnippetRenderer,src/Product/ProductInSearchAutosuggestionSnippetRenderer.php,"LizardsAndPumpkins\Product",tests/Unit/Suites/Product/ProductInSearchAutosuggestionSnippetRendererTest.php
"Http\ContentDelivery\ProductJsonService",ProductJsonService,src/ContentDelivery/Catalog/ProductJsonService.php,"LizardsAndPumpkins\ContentDelivery\Catalog",tests/Unit/Suites/ContentDelivery/Catalog/ProductJsonServiceTest.php
"Import\Product",ProductJsonSnippetRenderer,src/Product/ProductJsonSnippetRenderer.php,"LizardsAndPumpkins\Product",tests/Unit/Suites/Product/ProductJsonSnippetRendererTest.php
"Http\ContentDelivery\PageBuilder\SnippetTransformation",ProductJsonSnippetTransformation,src/ContentDelivery/SnippetTransformation/ProductJsonSnippetTransformation.php,"LizardsAndPumpkins\ContentDelivery\SnippetTransformation",tests/Unit/Suites/ContentDelivery/SnippetTransformation/ProductJsonSnippetTransformationTest.php
"ProductListing\Import",ProductListing,src/Product/ProductListing.php,"LizardsAndPumpkins\Product",tests/Unit/Suites/Product/ProductListingTest.php
"ProductListing\Import",ProductListingAttributeList,src/Product/ProductListingAttributeList.php,"LizardsAndPumpkins\Product",tests/Unit/Suites/Product/ProductListingAttributeListTest.php
"ProductListing\Import\Exception",ProductListingAttributeNotFoundException,src/Product/Exception/ProductListingAttributeNotFoundException.php,"LizardsAndPumpkins\Product\Exception"
"ProductListing\Import\TemplateRendering",ProductListingBlockRenderer,src/Product/ProductListingBlockRenderer.php,"LizardsAndPumpkins\Product",tests/Unit/Suites/Product/ProductListingBlockRendererTest.php
"ProductListing\Import",ProductListingBuilder,src/Product/ProductListingBuilder.php,"LizardsAndPumpkins\Product",tests/Unit/Suites/Product/ProductListingBuilderTest.php
"ProductListing\Import",ProductListingContentBlockSnippetKeyGeneratorLocatorStrategy,src/SnippetKeyGeneratorLocator/ProductListingContentBlockSnippetKeyGeneratorLocatorStrategy.php,"LizardsAndPumpkins\SnippetKeyGeneratorLocator",tests/Unit/Suites/SnippetKeyGeneratorLocator/ProductListingContentBlockSnippetKeyGeneratorLocatorStrategyTest.php
"ProductListing\Import\TemplateRendering",ProductListingDescriptionBlock,src/Product/Block/ProductListingDescriptionBlock.php,"LizardsAndPumpkins\Product\Block",tests/Unit/Suites/Product/Block/ProductListingDescriptionBlockTest.php
"ProductListing\Import\TemplateRendering",ProductListingDescriptionBlockRenderer,src/Product/ProductListingDescriptionBlockRenderer.php,"LizardsAndPumpkins\Product",tests/Unit/Suites/Product/ProductListingDescriptionBlockRendererTest.php
"ProductListing\Import",ProductListingDescriptionSnippetRenderer,src/Product/ProductListingDescriptionSnippetRenderer.php,"LizardsAndPumpkins\Product",tests/Unit/Suites/Product/ProductListingDescriptionSnippetRendererTest.php
"Import\Product\Listing",ProductListingImportCommandLocator,src/Projection/Catalog/Import/ImportCommand/ProductListingImportCommandLocator.php,"LizardsAndPumpkins\Projection\Catalog\Import\ImportCommand",tests/Unit/Suites/Projection/Catalog/Import/ImportCommand/ProductListingImportCommandLocatorTest.php
"ProductListing\ContentDelivery",ProductListingPageContentBuilder,src/ContentDelivery/Catalog/ProductListingPageContentBuilder.php,"LizardsAndPumpkins\ContentDelivery\Catalog",tests/Unit/Suites/ContentDelivery/Catalog/ProductListingPageContentBuilderTest.php
"ProductListing\ContentDelivery",ProductListingPageRequest,src/ContentDelivery/Catalog/ProductListingPageRequest.php,"LizardsAndPumpkins\ContentDelivery\Catalog",tests/Unit/Suites/ContentDelivery/Catalog/ProductListingPageRequestTest.php
"ProductListing\ContentDelivery",ProductListingRequestHandler,src/ContentDelivery/Catalog/ProductListingRequestHandler.php,"LizardsAndPumpkins\ContentDelivery\Catalog",tests/Unit/Suites/ContentDelivery/Catalog/ProductListingRequestHandlerTest.php
"ProductListing\Import",ProductListingRobotsMetaTagSnippetRenderer,src/Product/ProductListingRobotsMetaTagSnippetRenderer.php,"LizardsAndPumpkins\Product",tests/Unit/Suites/Product/ProductListingRobotsMetaTagSnippetRendererTest.php
"ProductListing\Import",ProductListingSnippetContent,src/Product/ProductListingSnippetContent.php,"LizardsAndPumpkins\Product",tests/Unit/Suites/Product/ProductListingSnippetContentTest.php
"ProductListing\Import",ProductListingSnippetProjector,src/Product/ProductListingSnippetProjector.php,"LizardsAndPumpkins\Product",tests/Unit/Suites/Product/ProductListingSnippetProjectorTest.php
"ProductListing\Import",ProductListingSnippetRenderer,src/Product/ProductListingSnippetRenderer.php,"LizardsAndPumpkins\Product",tests/Unit/Suites/Product/ProductListingSnippetRendererTest.php
"ProductListing\Import",ProductListingTemplateProjector,src/Product/ProductListingTemplateProjector.php,"LizardsAndPumpkins\Product",tests/Unit/Suites/Product/ProductListingTemplateProjectorTest.php
"ProductListing\Import",ProductListingTemplateSnippetRenderer,src/Projection/Catalog/Import/Listing/ProductListingTemplateSnippetRenderer.php,"LizardsAndPumpkins\Projection\Catalog\Import\Listing",tests/Unit/Suites/Projection/Catalog/Import/Listing/ProductListingTemplateSnippetRendererTest.php
"ProductListing\Import",ProductListingTitleSnippetRenderer,src/Product/ProductListingTitleSnippetRenderer.php,"LizardsAndPumpkins\Product",tests/Unit/Suites/Product/ProductListingTitleSnippetRendererTest.php
ProductListing,ProductListingWasAddedDomainEvent,src/Product/ProductListingWasAddedDomainEvent.php,"LizardsAndPumpkins\Product",tests/Unit/Suites/Product/ProductListingWasAddedDomainEventTest.php
ProductListing,ProductListingWasAddedDomainEventHandler,src/Product/ProductListingWasAddedDomainEventHandler.php,"LizardsAndPumpkins\Product",tests/Unit/Suites/Product/ProductListingWasAddedDomainEventHandlerTest.php
UNUSED,ProductNotFoundException,src/Product/Exception/ProductNotFoundException.php,"LizardsAndPumpkins\Product\Exception"
"Import\Product",ProductProjector,src/Product/ProductProjector.php,"LizardsAndPumpkins\Product",tests/Unit/Suites/Product/ProductProjectorTest.php
"ProductRecommendations\ContentDelivery",ProductRelationsApiV1GetRequestHandler,src/ContentDelivery/Catalog/ProductRelations/ProductRelationsApiV1GetRequestHandler.php,"LizardsAndPumpkins\ContentDelivery\Catalog\ProductRelations",tests/Unit/Suites/ContentDelivery/Catalog/ProductRelations/ProductRelationsApiV1GetRequestHandlerTest.php
"ProductRecommendations\ContentDelivery",ProductRelationsLocator,src/ContentDelivery/Catalog/ProductRelations/ProductRelationsLocator.php,"LizardsAndPumpkins\ContentDelivery\Catalog\ProductRelations",tests/Unit/Suites/ContentDelivery/Catalog/ProductRelations/ProductRelationsLocatorTest.php
"ProductRecommendations\ContentDelivery",ProductRelationsService,src/ContentDelivery/Catalog/ProductRelations/ProductRelationsService.php,"LizardsAndPumpkins\ContentDelivery\Catalog\ProductRelations",tests/Unit/Suites/ContentDelivery/Catalog/ProductRelations/ProductRelationsServiceTest.php
"ProductRecommendations\ContentDelivery",ProductRelationTypeCode,src/ContentDelivery/Catalog/ProductRelations/ProductRelationTypeCode.php,"LizardsAndPumpkins\ContentDelivery\Catalog\ProductRelations",tests/Unit/Suites/ContentDelivery/Catalog/ProductRelations/ProductRelationTypeCodeTest.php
"ProductSearch\Import\TemplateRendering",ProductSearchAutosuggestionBlockRenderer,src/Product/ProductSearchAutosuggestionBlockRenderer.php,"LizardsAndPumpkins\Product",tests/Unit/Suites/Product/ProductSearchAutosuggestionBlockRendererTest.php
"ProductSearch\Import",ProductSearchAutosuggestionMetaSnippetContent,src/Product/ProductSearchAutosuggestionMetaSnippetContent.php,"LizardsAndPumpkins\Product",tests/Unit/Suites/Product/ProductSearchAutosuggestionMetaSnippetContentTest.php
"ProductSearch\Import",ProductSearchAutosuggestionMetaSnippetRenderer,src/Product/ProductSearchAutosuggestionMetaSnippetRenderer.php,"LizardsAndPumpkins\Product",tests/Unit/Suites/Product/ProductSearchAutosuggestionMetaSnippetRendererTest.php
"ProductSearch\ContentDelivery",ProductSearchAutosuggestionRequestHandler,src/ContentDelivery/Catalog/ProductSearchAutosuggestionRequestHandler.php,"LizardsAndPumpkins\ContentDelivery\Catalog",tests/Unit/Suites/ContentDelivery/Catalog/ProductSearchAutosuggestionRequestHandlerTest.php
"ProductSearch\Import",ProductSearchAutosuggestionSnippetRenderer,src/Product/ProductSearchAutosuggestionSnippetRenderer.php,"LizardsAndPumpkins\Product",tests/Unit/Suites/Product/ProductSearchAutosuggestionSnippetRendererTest.php
"ProductSearch\Import",ProductSearchAutosuggestionTemplateProjector,src/Product/ProductSearchAutosuggestionTemplateProjector.php,"LizardsAndPumpkins\Product",tests/Unit/Suites/Product/ProductSearchAutosuggestionTemplateProjectorTest.php
"ProductSearch\Import",ProductSearchDocumentBuilder,src/Product/ProductSearch/ProductSearchDocumentBuilder.php,"LizardsAndPumpkins\Product\ProductSearch",tests/Unit/Suites/Product/ProductSearch/ProductSearchDocumentBuilderTest.php
"ProductSearch\ContentDelivery",ProductSearchRequestHandler,src/ContentDelivery/Catalog/ProductSearchRequestHandler.php,"LizardsAndPumpkins\ContentDelivery\Catalog",tests/Unit/Suites/ContentDelivery/Catalog/ProductSearchRequestHandlerTest.php
"ProductSearch\ContentDelivery",ProductSearchResultMetaSnippetContent,src/Product/ProductSearchResultMetaSnippetContent.php,"LizardsAndPumpkins\Product",tests/Unit/Suites/Product/ProductSearchResultMetaSnippetContentTest.php
"ProductSearch\Import",ProductSearchResultMetaSnippetRenderer,src/Product/ProductSearchResultMetaSnippetRenderer.php,"LizardsAndPumpkins\Product",tests/Unit/Suites/Product/ProductSearchResultMetaSnippetRendererTest.php
"ProductListing\ContentDelivery",ProductsPerPage,src/ContentDelivery/Catalog/ProductsPerPage.php,"LizardsAndPumpkins\ContentDelivery\Catalog",tests/Unit/Suites/ContentDelivery/Catalog/ProductsPerPageTest.php
"Import\Tax",ProductTaxClass,src/Product/Tax/ProductTaxClass.php,"LizardsAndPumpkins\Product\Tax",tests/Unit/Suites/Product/Tax/ProductTaxClassTest.php
"Import\Product",ProductTypeCode,src/Product/ProductTypeCode.php,"LizardsAndPumpkins\Product",tests/Unit/Suites/Product/ProductTypeCodeTest.php
"Import\Product\Exception",ProductTypeCodeMismatchException,src/Product/Exception/ProductTypeCodeMismatchException.php,"LizardsAndPumpkins\Product\Exception"
"Import\Product\Exception",ProductTypeCodeMissingException,src/Product/Exception/ProductTypeCodeMissingException.php,"LizardsAndPumpkins\Product\Exception"
"Import\Product\Composite",ProductVariationAttributeList,src/Product/Composite/ProductVariationAttributeList.php,"LizardsAndPumpkins\Product\Composite",tests/Unit/Suites/Product/Composite/ProductVariationAttributeListTest.php
"Import\Product\Composite\Exception",ProductVariationAttributesEmptyException,src/Product/Composite/Exception/ProductVariationAttributesEmptyException.php,"LizardsAndPumpkins\Product\Composite\Exception"
"Import\Product\Composite\Exception",ProductVariationAttributesNotUniqueException,src/Product/Composite/Exception/ProductVariationAttributesNotUniqueException.php,"LizardsAndPumpkins\Product\Composite\Exception"
"Import\Product",ProductWasUpdatedDomainEvent,src/Product/ProductWasUpdatedDomainEvent.php,"LizardsAndPumpkins\Product",tests/Unit/Suites/Product/ProductWasUpdatedDomainEventTest.php
"Import\Product",ProductWasUpdatedDomainEventHandler,src/Product/ProductWasUpdatedDomainEventHandler.php,"LizardsAndPumpkins\Product",tests/Unit/Suites/Product/ProductWasUpdatedDomainEventHandlerTest.php
"Import\Product",ProductXmlToProductBuilderLocator,src/Projection/Catalog/Import/ProductXmlToProductBuilderLocator.php,"LizardsAndPumpkins\Projection\Catalog\Import",tests/Unit/Suites/Projection/Catalog/Import/ProductXmlToProductBuilderLocatorTest.php
ProductSearch,QueryOptions,src/DataPool/SearchEngine/QueryOptions.php,"LizardsAndPumpkins\DataPool\SearchEngine",tests/Unit/Suites/DataPool/SearchEngine/QueryOptionsTest.php
Logging,QueueAddLogMessage,src/Queue/QueueAddLogMessage.php,"LizardsAndPumpkins\Queue",tests/Unit/Suites/Queue/QueueAddLogMessageTest.php
"Import\Product",QueueImportCommands,src/Projection/Catalog/Import/QueueImportCommands.php,"LizardsAndPumpkins\Projection\Catalog\Import",tests/Unit/Suites/Projection/Catalog/Import/QueueImportCommandsTest.php
"DataPool\KeyGenerator",RegistrySnippetKeyGeneratorLocatorStrategy,src/SnippetKeyGeneratorLocator/RegistrySnippetKeyGeneratorLocatorStrategy.php,"LizardsAndPumpkins\SnippetKeyGeneratorLocator",tests/Unit/Suites/SnippetKeyGeneratorLocator/RegistrySnippetKeyGeneratorLocatorStrategyTest.php
"Http\Routing",ResourceNotFoundRequestHandler,src/Http/ResourceNotFoundRequestHandler.php,"LizardsAndPumpkins\Http",tests/Unit/Suites/Http/ResourceNotFoundRequestHandlerTest.php
"Http\Routing",ResourceNotFoundRouter,src/Http/ResourceNotFoundRouter.php,"LizardsAndPumpkins\Http",tests/Unit/Suites/Http/ResourceNotFoundRouterTest.php
"Import\Product",RobotsMetaTagSnippetRenderer,src/Product/RobotsMetaTagSnippetRenderer.php,"LizardsAndPumpkins\Product",tests/Unit/Suites/Product/RobotsMetaTagSnippetRendererTest.php
"Import\TemplateRendering\Exception",RootElementOfLayoutMustBeAnArrayException,src/Renderer/Exception/RootElementOfLayoutMustBeAnArrayException.php,"LizardsAndPumpkins\Renderer\Exception"
"ProductRecommendations\ContentDelivery",SameSeriesProductRelations,src/ContentDelivery/Catalog/ProductRelations/RelationType/SameSeriesProductRelations.php,"LizardsAndPumpkins\ContentDelivery\Catalog\ProductRelations\RelationType",tests/Unit/Suites/ContentDelivery/Catalog/ProductRelations/RelationType/SameSeriesProductRelationsTest.php
"Util\Factory",SampleMasterFactory,src/SampleMasterFactory.php,LizardsAndPumpkins,tests/Unit/Suites/SampleMasterFactoryTest.php
"DataPool\SearchEngine\SearchCriteria",SearchCriteriaBuilder,src/DataPool/SearchEngine/SearchCriteria/SearchCriteriaBuilder.php,"LizardsAndPumpkins\DataPool\SearchEngine\SearchCriteria",tests/Unit/Suites/DataPool/SearchEngine/SearchCriteria/SearchCriteriaBuilderTest.php
"DataPool\SearchEngine\SearchCriteria",SearchCriterionAnything,src/DataPool/SearchEngine/SearchCriteria/SearchCriterionAnything.php,"LizardsAndPumpkins\DataPool\SearchEngine\SearchCriteria",tests/Unit/Suites/DataPool/SearchEngine/SearchCriteria/SearchCriterionAnythingTest.php
"DataPool\SearchEngine\SearchCriteria",SearchCriterionEqual,src/DataPool/SearchEngine/SearchCriteria/SearchCriterionEqual.php,"LizardsAndPumpkins\DataPool\SearchEngine\SearchCriteria",tests/Unit/Suites/DataPool/SearchEngine/SearchCriteria/SearchCriterionEqualTest.php
"DataPool\SearchEngine\SearchCriteria",SearchCriterionGreaterOrEqualThan,src/DataPool/SearchEngine/SearchCriteria/SearchCriterionGreaterOrEqualThan.php,"LizardsAndPumpkins\DataPool\SearchEngine\SearchCriteria",tests/Unit/Suites/DataPool/SearchEngine/SearchCriteria/SearchCriterionGreaterOrEqualThanTest.php
"DataPool\SearchEngine\SearchCriteria",SearchCriterionGreaterThan,src/DataPool/SearchEngine/SearchCriteria/SearchCriterionGreaterThan.php,"LizardsAndPumpkins\DataPool\SearchEngine\SearchCriteria",tests/Unit/Suites/DataPool/SearchEngine/SearchCriteria/SearchCriterionGreaterThanTest.php
"DataPool\SearchEngine\SearchCriteria",SearchCriterionLessOrEqualThan,src/DataPool/SearchEngine/SearchCriteria/SearchCriterionLessOrEqualThan.php,"LizardsAndPumpkins\DataPool\SearchEngine\SearchCriteria",tests/Unit/Suites/DataPool/SearchEngine/SearchCriteria/SearchCriterionLessOrEqualThanTest.php
"DataPool\SearchEngine\SearchCriteria",SearchCriterionLessThan,src/DataPool/SearchEngine/SearchCriteria/SearchCriterionLessThan.php,"LizardsAndPumpkins\DataPool\SearchEngine\SearchCriteria",tests/Unit/Suites/DataPool/SearchEngine/SearchCriteria/SearchCriterionLessThanTest.php
"DataPool\SearchEngine\SearchCriteria",SearchCriterionLike,src/DataPool/SearchEngine/SearchCriteria/SearchCriterionLike.php,"LizardsAndPumpkins\DataPool\SearchEngine\SearchCriteria",tests/Unit/Suites/DataPool/SearchEngine/SearchCriteria/SearchCriterionLikeTest.php
"DataPool\SearchEngine\SearchCriteria",SearchCriterionNotEqual,src/DataPool/SearchEngine/SearchCriteria/SearchCriterionNotEqual.php,"LizardsAndPumpkins\DataPool\SearchEngine\SearchCriteria",tests/Unit/Suites/DataPool/SearchEngine/SearchCriteria/SearchCriterionNotEqualTest.php
"DataPool\SearchEngine\SearchDocument",SearchDocument,src/DataPool/SearchEngine/SearchDocument/SearchDocument.php,"LizardsAndPumpkins\DataPool\SearchEngine\SearchDocument",tests/Unit/Suites/DataPool/SearchEngine/SearchDocument/SearchDocumentTest.php
"DataPool\SearchEngine\SearchDocument",SearchDocumentField,src/DataPool/SearchEngine/SearchDocument/SearchDocumentField.php,"LizardsAndPumpkins\DataPool\SearchEngine\SearchDocument",tests/Unit/Suites/DataPool/SearchEngine/SearchDocument/SearchDocumentFieldTest.php
"DataPool\SearchEngine\SearchDocument",SearchDocumentFieldCollection,src/DataPool/SearchEngine/SearchDocument/SearchDocumentFieldCollection.php,"LizardsAndPumpkins\DataPool\SearchEngine\SearchDocument",tests/Unit/Suites/DataPool/SearchEngine/SearchDocument/SearchDocumentFieldCollectionTest.php
"DataPool\SearchEngine\File\Exception",SearchEngineNotAvailableException,src/DataPool/SearchEngine/Exception/SearchEngineNotAvailableException.php,"LizardsAndPumpkins\DataPool\SearchEngine\Exception"
"DataPool\SearchEngine",SearchEngineResponse,src/DataPool/SearchEngine/SearchEngineResponse.php,"LizardsAndPumpkins\DataPool\SearchEngine",tests/Unit/Suites/DataPool/SearchEngine/SearchEngineResponseTest.php
"ProductSearch\ContentDelivery",SearchFieldToRequestParamMap,src/ContentDelivery/Catalog/Search/SearchFieldToRequestParamMap.php,"LizardsAndPumpkins\ContentDelivery\Catalog\Search",tests/Unit/Suites/ContentDelivery/Catalog/Search/SearchFieldToRequestParamMapTest.php
"ProductListing\ContentDelivery",SelectProductListingRobotsMetaTagContent,src/ContentDelivery/Catalog/SelectProductListingRobotsMetaTagContent.php,"LizardsAndPumpkins\ContentDelivery\Catalog",tests/Unit/Suites/ContentDelivery/Catalog/SelectProductListingRobotsMetaTagContentTest.php
Context,SelfContainedContext,src/Context/SelfContainedContext.php,"LizardsAndPumpkins\Context",tests/Unit/Suites/Context/SelfContainedContextTest.php
Context,SelfContainedContextBuilder,src/Context/SelfContainedContextBuilder.php,"LizardsAndPumpkins\Context",tests/Unit/Suites/Context/SelfContainedContextBuilderTest.php
"ProductDetail\ContentDelivery",SimpleEuroPriceSnippetTransformation,src/ContentDelivery/SnippetTransformation/SimpleEuroPriceSnippetTransformation.php,"LizardsAndPumpkins\ContentDelivery\SnippetTransformation",tests/Unit/Suites/ContentDelivery/SnippetTransformation/SimpleEuroPriceSnippetTransformationTest.php
"Import\Product",SimpleProduct,src/Product/SimpleProduct.php,"LizardsAndPumpkins\Product",tests/Unit/Suites/Product/SimpleProductTest.php
"Import\Product",SimpleProductBuilder,src/Projection/Catalog/Import/SimpleProductBuilder.php,"LizardsAndPumpkins\Projection\Catalog\Import",tests/Unit/Suites/Projection/Catalog/Import/SimpleProductBuilderTest.php
"Import\Product",SimpleProductXmlToProductBuilder,src/Projection/Catalog/Import/SimpleProductXmlToProductBuilder.php,"LizardsAndPumpkins\Projection\Catalog\Import"
"DataPool\KeyValueStore",Snippet,src/Snippet.php,LizardsAndPumpkins,tests/Unit/Suites/SnippetTest.php
"DataPool\KeyGenerator\Exception",SnippetCodeCanNotBeProcessedException,src/SnippetKeyGeneratorLocator/Exception/SnippetCodeCanNotBeProcessedException.php,"LizardsAndPumpkins\SnippetKeyGeneratorLocator\Exception"
Import,SnippetContainer,src/SnippetContainer.php,LizardsAndPumpkins,tests/Unit/Suites/SnippetContainerTest.php
Import,SnippetRendererCollection,src/SnippetRendererCollection.php,LizardsAndPumpkins,tests/Unit/Suites/SnippetRendererCollectionTest.php
"DataPool\SearchEngine\Query",SortOrderConfig,src/ContentDelivery/Catalog/SortOrderConfig.php,"LizardsAndPumpkins\ContentDelivery\Catalog",tests/Unit/Suites/ContentDelivery/Catalog/SortOrderConfigTest.php
"DataPool\SearchEngine\Query",SortOrderDirection,src/ContentDelivery/Catalog/SortOrderDirection.php,"LizardsAndPumpkins\ContentDelivery\Catalog",tests/Unit/Suites/ContentDelivery/Catalog/SortOrderDirectionTest.php
"Logging\Writer",StdOutLogMessageWriter,src/Log/Writer/StdOutLogMessageWriter.php,"LizardsAndPumpkins\Log\Writer",tests/Unit/Suites/Log/Writer/StdOutLogMessageWriterTest.php
"Import\FileStorage",StorageAgnosticFileUri,src/Utils/FileStorage/StorageAgnosticFileUri.php,"LizardsAndPumpkins\Utils\FileStorage",tests/Unit/Suites/Utils/FileStorage/StorageAgnosticFileUriTest.php
"Import\Product\Exception",TaxClassAttributeMissingForImportedProductException,src/Projection/Catalog/Import/Exception/TaxClassAttributeMissingForImportedProductException.php,"LizardsAndPumpkins\Projection\Catalog\Import\Exception"
"Import\RootTemplate\Import\Exception",TemplateFileNotReadableException,src/Renderer/Exception/TemplateFileNotReadableException.php,"LizardsAndPumpkins\Renderer\Exception"
"Import\RootTemplate\Import",TemplateProjectorLocator,src/Projection/TemplateProjectorLocator.php,"LizardsAndPumpkins\Projection",tests/Unit/Suites/Projection/TemplateProjectorLocatorTest.php
"Import\RootTemplate\Import",TemplatesApiV1PutRequestHandler,src/Projection/TemplatesApiV1PutRequestHandler.php,"LizardsAndPumpkins\Projection",tests/Unit/Suites/Projection/TemplatesApiV1PutRequestHandlerTest.php
"Import\RootTemplate",TemplateWasUpdatedDomainEvent,src/Projection/TemplateWasUpdatedDomainEvent.php,"LizardsAndPumpkins\Projection",tests/Unit/Suites/Projection/TemplateWasUpdatedDomainEventTest.php
"Import\RootTemplate",TemplateWasUpdatedDomainEventHandler,src/Projection/TemplateWasUpdatedDomainEventHandler.php,"LizardsAndPumpkins\Projection",tests/Unit/Suites/Projection/TemplateWasUpdatedDomainEventHandlerTest.php
"Import\TemplateRendering",ThemeLocator,src/Renderer/ThemeLocator.php,"LizardsAndPumpkins\Renderer",tests/Unit/Suites/Renderer/ThemeLocatorTest.php
"Translation\Exception",TranslationFileNotReadableException,src/Renderer/Translation/Exception/TranslationFileNotReadableException.php,"LizardsAndPumpkins\Renderer\Translation\Exception"
Translation,TranslatorRegistry,src/Renderer/Translation/TranslatorRegistry.php,"LizardsAndPumpkins\Renderer\Translation",tests/Unit/Suites/Renderer/Translation/TranslatorRegistryTest.php
"Import\Product\View",TwentyOneRunConfigurableProductView,src/Projection/Catalog/TwentyOneRunConfigurableProductView.php,"LizardsAndPumpkins\Projection\Catalog",tests/Unit/Suites/Projection/Catalog/TwentyOneRunConfigurableProductViewTest.php
Context,TwentyOneRunContextSource,src/TwentyOneRunContextSource.php,LizardsAndPumpkins,tests/Unit/Suites/TwentyOneRunContextSourceTest.php
"Util\Factory",TwentyOneRunFactory,src/TwentyOneRunFactory.php,LizardsAndPumpkins,tests/Unit/Suites/TwentyOneRunFactoryTest.php
"Import\Product\Image",TwentyOneRunProductImageFileLocator,src/Product/ProductImage/TwentyOneRunProductImageFileLocator.php,"LizardsAndPumpkins\Product\ProductImage",tests/Unit/Suites/Product/ProductImage/TwentyOneRunProductImageFileLocatorTest.php
"ProductListing\Import",TwentyOneRunProductListingTitleSnippetRenderer,src/Product/TwentyOneRunProductListingTitleSnippetRenderer.php,"LizardsAndPumpkins\Product",tests/Unit/Suites/Product/TwentyOneRunProductListingTitleSnippetRendererTest.php
"ProductDetail\Import\View",TwentyOneRunProductPageTitle,src/Projection/Catalog/PageTitle/TwentyOneRunProductPageTitle.php,"LizardsAndPumpkins\Projection\Catalog\PageTitle",tests/Unit/Suites/Projection/Catalog/PageTitle/TwentyOneRunProductPageTitleTest.php
"Import\Product\View",TwentyOneRunProductViewLocator,src/Projection/Catalog/TwentyOneRunProductViewLocator.php,"LizardsAndPumpkins\Projection\Catalog",tests/Unit/Suites/Projection/Catalog/TwentyOneRunProductViewLocatorTest.php
"Import\Product\View",TwentyOneRunSimpleProductView,src/Projection/Catalog/TwentyOneRunSimpleProductView.php,"LizardsAndPumpkins\Projection\Catalog",tests/Unit/Suites/Projection/Catalog/TwentyOneRunSimpleProductViewTest.php
"Import\Tax",TwentyOneRunTaxableCountries,src/TwentyOneRunTaxableCountries.php,LizardsAndPumpkins,tests/Unit/Suites/TwentyOneRunTaxableCountriesTest.php
"Import\Tax",TwentyOneRunTaxRate,src/Product/Tax/TaxRates/TwentyOneRunTaxRate.php,"LizardsAndPumpkins\Product\Tax\TaxRates",tests/Unit/Suites/Product/Tax/TaxRates/TwentyOneRunTaxRateTest.php
"Import\Tax",TwentyOneRunTaxServiceLocator,src/Product/Tax/TwentyOneRunTaxServiceLocator.php,"LizardsAndPumpkins\Product\Tax",tests/Unit/Suites/Product/Tax/TwentyOneRunTaxServiceLocatorTest.php
"Context\Website",TwentyOneRunWebsiteToCountryMap,src/Website/TwentyOneRunWebsiteToCountryMap.php,"LizardsAndPumpkins\Website",tests/Unit/Suites/Website/TwentyOneRunWebsiteToCountryMapTest.php
"Logging\Writer\Exception",UnableToCreateLogDirectoryException,src/Log/Writer/Exception/UnableToCreateLogDirectoryException.php,"LizardsAndPumpkins\Log\Writer\Exception"
"Logging\Writer\Exception",UnableToCreateLogFileException,src/Log/Writer/Exception/UnableToCreateLogFileException.php,"LizardsAndPumpkins\Log\Writer\Exception"
"Import\ImageStorage\ImageProcessing\Exception",UnableToCreateTargetDirectoryForProcessedImagesException,src/Image/Exception/UnableToCreateTargetDirectoryForProcessedImagesException.php,"LizardsAndPumpkins\Image\Exception"
"Context\Website\Exception",UnableToDetermineContextWebsiteException,src/Context/ContextBuilder/Exception/UnableToDetermineContextWebsiteException.php,"LizardsAndPumpkins\Context\ContextBuilder\Exception"
UNUSED,UnableToDetermineLocaleException,src/Context/Exception/UnableToDetermineLocaleException.php,"LizardsAndPumpkins\Context\Exception"
UNUSED,UnableToDetermineWebsiteContextException,src/Context/Exception/UnableToDetermineWebsiteContextException.php,"LizardsAndPumpkins\Context\Exception"
"Messaging\Command\Exception",UnableToFindCommandHandlerException,src/Exception/UnableToFindCommandHandlerException.php,"LizardsAndPumpkins\Exception"
"Messaging\Event\Exception",UnableToFindDomainEventHandlerException,src/Exception/UnableToFindDomainEventHandlerException.php,"LizardsAndPumpkins\Exception"
"DataPool\SearchEngine\FacetFieldTransformation\Exception",UnableToFindTransformationException,src/ContentDelivery/Catalog/Search/FacetFieldTransformation/Exception/UnableToFindTransformationException.php,"LizardsAndPumpkins\ContentDelivery\Catalog\Search\FacetFieldTransformation\Exception"
"Http\Routing",UnableToHandleRequestException,src/Http/Exception/UnableToHandleRequestException.php,"LizardsAndPumpkins\Http\Exception"
"Import\Tax",UnableToLocateTaxServiceException,src/Product/Tax/Exception/UnableToLocateTaxServiceException.php,"LizardsAndPumpkins\Product\Tax\Exception"
"Import\RootTemplate\Exception",UnableToLocateTemplateProjectorException,src/Exception/UnableToLocateTemplateProjectorException.php,"LizardsAndPumpkins\Exception"
"ProductRecommendations\Exception",UnableToProcessProductRelationsRequestException,src/ContentDelivery/Catalog/ProductRelations/Exception/UnableToProcessProductRelationsRequestException.php,"LizardsAndPumpkins\ContentDelivery\Catalog\ProductRelations\Exception"
"Http\Routing\Exception",UnableToRouteRequestException,src/Http/Exception/UnableToRouteRequestException.php,"LizardsAndPumpkins\Http\Exception"
"Logging\Writer\Exception",UnableToWriteToLogFileException,src/Log/Writer/Exception/UnableToWriteToLogFileException.php,"LizardsAndPumpkins\Log\Writer\Exception"
"Util\Factory\Exception",UndefinedFactoryMethodException,src/Exception/UndefinedFactoryMethodException.php,"LizardsAndPumpkins\Exception"
"Translation\Exception",UndefinedTranslatorException,src/Renderer/Translation/Exception/UndefinedTranslatorException.php,"LizardsAndPumpkins\Renderer\Translation\Exception"
"ProductRecommendations\Exception",UnknownProductRelationTypeException,src/ContentDelivery/Catalog/ProductRelations/Exception/UnknownProductRelationTypeException.php,"LizardsAndPumpkins\ContentDelivery\Catalog\ProductRelations\Exception"
"Http\Exception",UnknownProtocolException,src/Http/Exception/UnknownProtocolException.php,"LizardsAndPumpkins\Http\Exception"
"Context\Website\Exception",UnknownWebsiteHostException,src/Website/Exception/UnknownWebsiteHostException.php,"LizardsAndPumpkins\Website\Exception"
"Http\Routing\Exception",UnsupportedRequestMethodException,src/Http/Exception/UnsupportedRequestMethodException.php,"LizardsAndPumpkins\Http\Exception"
"Import\ContentBlock",UpdateContentBlockCommand,src/Content/UpdateContentBlockCommand.php,"LizardsAndPumpkins\Content",tests/Unit/Suites/Content/UpdateContentBlockCommandTest.php
"Import\ContentBlock",UpdateContentBlockCommandHandler,src/Content/UpdateContentBlockCommandHandler.php,"LizardsAndPumpkins\Content",tests/Unit/Suites/Content/UpdateContentBlockCommandHandlerTest.php
"Import\Product",UpdateProductCommand,src/Product/UpdateProductCommand.php,"LizardsAndPumpkins\Product",tests/Unit/Suites/Product/UpdateProductCommandTest.php
"Import\Product",UpdateProductCommandHandler,src/Product/UpdateProductCommandHandler.php,"LizardsAndPumpkins\Product",tests/Unit/Suites/Product/UpdateProductCommandHandlerTest.php
"Import\Image",UpdatingProductImageImportCommandFactory,src/Projection/Catalog/Import/ImportCommand/UpdatingProductImageImportCommandFactory.php,"LizardsAndPumpkins\Projection\Catalog\Import\ImportCommand",tests/Unit/Suites/Projection/Catalog/Import/ImportCommand/UpdatingProductImageImportCommandFactoryTest.php
"ProductDetail\Import",UpdatingProductImportCommandFactory,src/Projection/Catalog/Import/ImportCommand/UpdatingProductImportCommandFactory.php,"LizardsAndPumpkins\Projection\Catalog\Import\ImportCommand",tests/Unit/Suites/Projection/Catalog/Import/ImportCommand/UpdatingProductImportCommandFactoryTest.php
"ProductListing\Import",UpdatingProductListingImportCommandFactory,src/Projection/Catalog/Import/ImportCommand/UpdatingProductListingImportCommandFactory.php,"LizardsAndPumpkins\Projection\Catalog\Import\ImportCommand",tests/Unit/Suites/Projection/Catalog/Import/ImportCommand/UpdatingProductListingImportCommandFactoryTest.php
"Import\Product\UrlKey",UrlKey,src/UrlKey.php,LizardsAndPumpkins,tests/Unit/Suites/UrlKeyTest.php
"Import\Product\UrlKey",UrlKeyForContext,src/Projection/UrlKeyForContext.php,"LizardsAndPumpkins\Projection",tests/Unit/Suites/Projection/UrlKeyForContextTest.php
"Import\Product\UrlKey",UrlKeyForContextCollection,src/Projection/UrlKeyForContextCollection.php,"LizardsAndPumpkins\Projection",tests/Unit/Suites/Projection/UrlKeyForContextCollectionTest.php
"Import\Product\UrlKey",UrlKeyForContextCollector,src/Projection/UrlKeyForContextCollector.php,"LizardsAndPumpkins\Projection",tests/Unit/Suites/Projection/UrlKeyForContextCollectorTest.php
"DataPool\UrlKeyStore\Exception",UrlKeyIsNotAStringException,src/DataPool/UrlKeyStore/Exception/UrlKeyIsNotAStringException.php,"LizardsAndPumpkins\DataPool\UrlKeyStore\Exception"
"DataPool\UrlKeyStore\Exception",UrlKeyToWriteIsEmptyStringException,src/DataPool/UrlKeyStore/Exception/UrlKeyToWriteIsEmptyStringException.php,"LizardsAndPumpkins\DataPool\UrlKeyStore\Exception"
"DataPool\UrlKeyStore\Exception",UrlKeyTypeIsNotAStringException,src/DataPool/UrlKeyStore/Exception/UrlKeyTypeIsNotAStringException.php,"LizardsAndPumpkins\DataPool\UrlKeyStore\Exception"
Util,UuidGenerator,src/Utils/UuidGenerator.php,"LizardsAndPumpkins\Utils",tests/Unit/Suites/Utils/UuidGeneratorTest.php
"Context\Website",Website,src/Website/Website.php,"LizardsAndPumpkins\Website",tests/Unit/Suites/Website/WebsiteTest.php
"Context\BaseUrl",WebsiteBaseUrlBuilder,src/BaseUrl/WebsiteBaseUrlBuilder.php,"LizardsAndPumpkins\BaseUrl",tests/Unit/Suites/BaseUrl/WebsiteBaseUrlBuilderTest.php
Logging,WritingLoggerDecorator,src/Log/WritingLoggerDecorator.php,"LizardsAndPumpkins\Log",tests/Unit/Suites/Log/WritingLoggerDecoratorTest.php
Import,XPathParser,src/Utils/XPathParser.php,"LizardsAndPumpkins\Utils",tests/Unit/Suites/Utils/XPathParserTest.php
"Util\Factory",FactoryTrait,src/FactoryTrait.php,LizardsAndPumpkins
"Import\ImageStorage\ImageProcessing",ResizeStrategyTrait,src/Image/ResizeStrategyTrait.php,"LizardsAndPumpkins\Image"
"Util\Factory",MasterFactoryTrait,src/MasterFactoryTrait.php,LizardsAndPumpkins
"Import\Product",RehydrateableProductTrait,src/Product/RehydrateableProductTrait.php,"LizardsAndPumpkins\Product"
RestApi,ApiRequestHandler,src/Api/ApiRequestHandler.php,"LizardsAndPumpkins\Api",tests/Unit/Suites/Api/ApiRequestHandlerTest.php
Context,ContextSource,src/Context/ContextSource.php,"LizardsAndPumpkins\Context",tests/Unit/Suites/Context/ContextSourceTest.php
"DataPool\SearchEngine",IntegrationTestSearchEngineAbstract,src/DataPool/SearchEngine/IntegrationTestSearchEngineAbstract.php,"LizardsAndPumpkins\DataPool\SearchEngine"
"DataPool\SearchEngine\SearchCriteria",SearchCriterion,src/DataPool/SearchEngine/SearchCriteria/SearchCriterion.php,"LizardsAndPumpkins\DataPool\SearchEngine\SearchCriteria"
Http,HttpRequest,src/Http/HttpRequest.php,"LizardsAndPumpkins\Http"
"Import\Product\Composite",AssociatedProductListDomainException,src/Product/Composite/Exception/AssociatedProductListDomainException.php,"LizardsAndPumpkins\Product\Composite\Exception"
"Import\Product\View",AbstractConfigurableProductView,src/Projection/Catalog/AbstractConfigurableProductView.php,"LizardsAndPumpkins\Projection\Catalog",tests/Unit/Suites/Projection/Catalog/AbstractConfigurableProductViewTest.php
"Import\Product\View",AbstractProductView,src/Projection/Catalog/AbstractProductView.php,"LizardsAndPumpkins\Projection\Catalog",tests/Unit/Suites/Projection/Catalog/AbstractProductViewTest.php
"Import\TemplateRendering",BlockRenderer,src/Renderer/BlockRenderer.php,"LizardsAndPumpkins\Renderer",tests/Unit/Suites/Renderer/BlockRendererTest.php
Util,BaseCliCommand,src/Utils/BaseCliCommand.php,"LizardsAndPumpkins\Utils",tests/Unit/Suites/Utils/BaseCliCommandTest.php
Http,WebFront,src/WebFront.php,LizardsAndPumpkins
"Context\BaseUrl",BaseUrlBuilder,src/BaseUrl/BaseUrlBuilder.php,"LizardsAndPumpkins\BaseUrl"
"Context\BaseUrl",BaseUrl,src/BaseUrl.php,LizardsAndPumpkins
"Messaging\Command",Command,src/Command.php,LizardsAndPumpkins
"Messaging\Command",CommandHandler,src/CommandHandler.php,LizardsAndPumpkins
"Messaging\Command",CommandHandlerFactory,src/CommandHandlerFactory.php,LizardsAndPumpkins
"Util\Config",ConfigReader,src/ConfigReader.php,LizardsAndPumpkins
ProductRecommendations,ProductRelations,src/ContentDelivery/Catalog/ProductRelations/ProductRelations.php,"LizardsAndPumpkins\ContentDelivery\Catalog\ProductRelations"
"DataPool\SearchEngine\FacetFieldTransformation",FacetFieldTransformation,src/ContentDelivery/Catalog/Search/FacetFieldTransformation/FacetFieldTransformation.php,"LizardsAndPumpkins\ContentDelivery\Catalog\Search\FacetFieldTransformation"
"Http\ContentDelivery\PageBuilder",PageSnippets,src/ContentDelivery/PageBuilder/PageSnippets.php,"LizardsAndPumpkins\ContentDelivery\PageBuilder"
"Http\ContentDelivery\PageBuilder\SnippetTransformation",SnippetTransformation,src/ContentDelivery/SnippetTransformation/SnippetTransformation.php,"LizardsAndPumpkins\ContentDelivery\SnippetTransformation"
Context,Context,src/Context/Context.php,"LizardsAndPumpkins\Context"
Context,ContextPartBuilder,src/Context/ContextBuilder/ContextPartBuilder.php,"LizardsAndPumpkins\Context\ContextBuilder"
Context,ContextBuilder,src/Context/ContextBuilder.php,"LizardsAndPumpkins\Context"
"DataPool\KeyValueStore",KeyValueStore,src/DataPool/KeyValue/KeyValueStore.php,"LizardsAndPumpkins\DataPool\KeyValue"
"DataPool\SearchEngine",FacetFilterRequestField,src/DataPool/SearchEngine/FacetFilterRequestField.php,"LizardsAndPumpkins\DataPool\SearchEngine"
"DataPool\SearchEngine\SearchCriteria",SearchCriteria,src/DataPool/SearchEngine/SearchCriteria/SearchCriteria.php,"LizardsAndPumpkins\DataPool\SearchEngine\SearchCriteria"
"DataPool\SearchEngine\SearchDocument",SearchDocumentBuilder,src/DataPool/SearchEngine/SearchDocument/SearchDocumentBuilder.php,"LizardsAndPumpkins\DataPool\SearchEngine\SearchDocument"
"DataPool\SearchEngine",SearchEngine,src/DataPool/SearchEngine/SearchEngine.php,"LizardsAndPumpkins\DataPool\SearchEngine"
"DataPool\UrlKeyStore",UrlKeyStore,src/DataPool/UrlKeyStore/UrlKeyStore.php,"LizardsAndPumpkins\DataPool\UrlKeyStore"
"Messaging\Event",DomainEvent,src/DomainEvent.php,LizardsAndPumpkins
"Messaging\Event",DomainEventHandler,src/DomainEventHandler.php,LizardsAndPumpkins
"Messaging\Event",DomainEventHandlerFactory,src/DomainEventHandlerFactory.php,LizardsAndPumpkins
"Util\Factory",Factory,src/Factory.php,LizardsAndPumpkins
"Import\FileStorage",FileStorageReader,src/FileStorageReader.php,LizardsAndPumpkins
"Import\FileStorage",FileStorageWriter,src/FileStorageWriter.php,LizardsAndPumpkins
"Http\Routing",HttpRequestHandler,src/Http/HttpRequestHandler.php,"LizardsAndPumpkins\Http"
Http,HttpResponse,src/Http/HttpResponse.php,"LizardsAndPumpkins\Http"
"Http\Routing",HttpRouter,src/Http/HttpRouter.php,"LizardsAndPumpkins\Http"
"Import\ImageStorage\ImageProcessing",ImageProcessingStrategy,src/Image/ImageProcessingStrategy.php,"LizardsAndPumpkins\Image"
Logging,LogMessage,src/Log/LogMessage.php,"LizardsAndPumpkins\Log"
Logging,Logger,src/Log/Logger.php,"LizardsAndPumpkins\Log"
Logging,LogMessageWriter,src/Log/Writer/LogMessageWriter.php,"LizardsAndPumpkins\Log\Writer"
"Util\Factory",MasterFactory,src/MasterFactory.php,LizardsAndPumpkins
Import,PageMetaInfoSnippetContent,src/PageMetaInfoSnippetContent.php,LizardsAndPumpkins
"Import\Product\Composite",CompositeProduct,src/Product/CompositeProduct.php,"LizardsAndPumpkins\Product"
"Import\Product",Product,src/Product/Product.php,"LizardsAndPumpkins\Product"
"Import\Product\View",ProductImageFileLocator,src/Product/ProductImage/ProductImageFileLocator.php,"LizardsAndPumpkins\Product\ProductImage"
"ProductSearch\Import",AttributeValueCollector,src/Product/ProductSearch/AttributeValueCollector.php,"LizardsAndPumpkins\Product\ProductSearch"
"Import\Tax",TaxService,src/Product/Tax/TaxService.php,"LizardsAndPumpkins\Product\Tax"
"Import\Tax",TaxServiceLocator,src/Product/Tax/TaxServiceLocator.php,"LizardsAndPumpkins\Product\Tax"
"Import\Product\View",CompositeProductView,src/Projection/Catalog/CompositeProductView.php,"LizardsAndPumpkins\Projection\Catalog"
"Import\Image",ProductImageImportCommandFactory,src/Projection/Catalog/Import/ImportCommand/ProductImageImportCommandFactory.php,"LizardsAndPumpkins\Projection\Catalog\Import\ImportCommand"
"ProductDetail\Import",ProductImportCommandFactory,src/Projection/Catalog/Import/ImportCommand/ProductImportCommandFactory.php,"LizardsAndPumpkins\Projection\Catalog\Import\ImportCommand"
"ProductListing\Import",ProductListingImportCommandFactory,src/Projection/Catalog/Import/ImportCommand/ProductListingImportCommandFactory.php,"LizardsAndPumpkins\Projection\Catalog\Import\ImportCommand"
"Import\Product",ProductBuilder,src/Projection/Catalog/Import/ProductBuilder.php,"LizardsAndPumpkins\Projection\Catalog\Import"
"Import\Product",ProductXmlToProductBuilder,src/Projection/Catalog/Import/ProductXmlToProductBuilder.php,"LizardsAndPumpkins\Projection\Catalog\Import"
"Import\Product\View",ProductView,src/Projection/Catalog/ProductView.php,"LizardsAndPumpkins\Projection\Catalog"
"Import\Product\View",ProductViewLocator,src/Projection/Catalog/ProductViewLocator.php,"LizardsAndPumpkins\Projection\Catalog"
Import,Projector,src/Projection/Projector.php,"LizardsAndPumpkins\Projection"
Messaging,Queue,src/Queue/Queue.php,"LizardsAndPumpkins\Queue"
Messaging,QueueMessageConsumer,src/QueueMessageConsumer.php,LizardsAndPumpkins
Translation,Translator,src/Renderer/Translation/Translator.php,"LizardsAndPumpkins\Renderer\Translation"
"DataPool\KeyGenerator",SnippetKeyGenerator,src/SnippetKeyGenerator.php,LizardsAndPumpkins
"DataPool\KeyGenerator",SnippetKeyGeneratorLocator,src/SnippetKeyGeneratorLocator/SnippetKeyGeneratorLocator.php,"LizardsAndPumpkins\SnippetKeyGeneratorLocator"
Import,SnippetRenderer,src/SnippetRenderer.php,LizardsAndPumpkins
"Import\Tax",TaxableCountries,src/TaxableCountries.php,LizardsAndPumpkins
"Util\Storage",Clearable,src/Utils/Clearable.php,"LizardsAndPumpkins\Utils"
"Import\FileStorage",File,src/Utils/FileStorage/File.php,"LizardsAndPumpkins\Utils\FileStorage"
"Import\FileStorage",FileStorage,src/Utils/FileStorage/FileStorage.php,"LizardsAndPumpkins\Utils\FileStorage"
"Import\FileStorage",FileToFileStorage,src/Utils/FileStorage/FileToFileStorage.php,"LizardsAndPumpkins\Utils\FileStorage"
"Import\FileStorage",StorageSpecificFileUri,src/Utils/FileStorage/StorageSpecificFileUri.php,"LizardsAndPumpkins\Utils\FileStorage"
"Import\ImageStorage",Image,src/Utils/ImageStorage/Image.php,"LizardsAndPumpkins\Utils\ImageStorage"
"Import\ImageStorage",ImageStorage,src/Utils/ImageStorage/ImageStorage.php,"LizardsAndPumpkins\Utils\ImageStorage"
"Import\ImageStorage",ImageToImageStorage,src/Utils/ImageStorage/ImageToImageStorage.php,"LizardsAndPumpkins\Utils\ImageStorage"
"Import\ImageStorage",MediaBaseUrlBuilder,src/Utils/ImageStorage/MediaBaseUrlBuilder.php,"LizardsAndPumpkins\Utils\ImageStorage"
"Context\Website",HostToWebsiteMap,src/Website/HostToWebsiteMap.php,"LizardsAndPumpkins\Website"
"Context\Website",WebsiteToCountryMap,src/Website/WebsiteToCountryMap.php,"LizardsAndPumpkins\Website"
